"Module","Status","Evidence","Name"
"1","IMPLEMENTED-EVIDENCE","app\(auth)\forgot-password\page.tsx | app\(auth)\login\page.tsx | app\(auth)\register\page.tsx | app\(auth)\reset-password\page.tsx | app\ai\page.tsx | app\analytics\page.tsx | app\api\admin\test\route.ts | app\api\ai\route.ts","Platform Architecture"
"2","MISSING-EVIDENCE","","Database Architecture"
"3","NEEDS-VERIFICATION","app\middleware.ts | lib\auth\middleware.ts","Authentication & RBAC"
"4","IMPLEMENTED-EVIDENCE","app\api\driver\notifications\route.ts | app\api\notifications\route.ts | app\notifications\page.tsx | components\notifications\AnnouncementCenter.tsx | components\notifications\AudienceSelector.tsx | components\notifications\CommunicationLogs.tsx | components\notifications\DeliveryStatus.tsx | components\notifications\EmailCampaignCard.tsx","Notification Engine"
"5","MISSING-EVIDENCE","","AI Engine"
"6","IMPLEMENTED-EVIDENCE","lib\automation\automation-events.ts | lib\events\event-bus.ts | lib\events\event-dispatcher.ts","Event Bus"
"7","IMPLEMENTED-EVIDENCE","app\api\customers\[id]\route.ts | app\api\customers\bookings\route.ts | app\api\customers\profile\route.ts | app\api\customers\route.ts | app\api\customers\search\route.ts | app\customers\page.tsx | components\analytics\CustomerAnalytics.tsx | components\bookings\CustomerSelect.tsx","Customer Module"
"8","IMPLEMENTED-EVIDENCE","app\api\vendors\bookings\route.ts | app\api\vendors\dashboard\route.ts | app\api\vendors\drivers\route.ts | app\api\vendors\profile\route.ts | app\api\vendors\route.ts | app\api\vendors\settlements\route.ts | app\api\vendors\smart-return\route.ts | app\api\vendors\vehicles\route.ts","Vendor Module"
"9","IMPLEMENTED-EVIDENCE","app\api\bookings\assign-driver\route.ts | app\api\driver\dashboard\route.ts | app\api\driver\documents\route.ts | app\api\driver\earnings\route.ts | app\api\driver\location\route.ts | app\api\driver\notifications\route.ts | app\api\driver\profile\route.ts | app\api\driver\sos\route.ts","Driver Module"
"10","IMPLEMENTED-EVIDENCE","app\api\pricing\vehicles\route.ts | app\api\vehicles\route.ts | app\api\vendors\vehicles\route.ts | app\vehicles\page.tsx | components\analytics\VehicleAnalytics.tsx | components\bookings\sections\VehicleSection.tsx | components\bookings\VehicleAssignmentCard.tsx | components\bookings\VehicleSelect.tsx","Vehicle Module"
"11","IMPLEMENTED-EVIDENCE","app\api\marketplace\listings\route.ts | app\api\marketplace\search\route.ts | app\api\marketplace\twin\route.ts | app\marketplace\booking\confirmation\BookingConfirmationClient.tsx | app\marketplace\booking\confirmation\page.tsx | app\marketplace\booking\MarketplaceBookingClient.tsx | app\marketplace\booking\page.tsx | app\marketplace\page.tsx","Marketplace Listing Engine"
"12","IMPLEMENTED-EVIDENCE","app\api\customers\search\route.ts | app\api\marketplace\listings\route.ts | app\api\marketplace\search\route.ts | app\api\marketplace\twin\route.ts | app\marketplace\booking\confirmation\BookingConfirmationClient.tsx | app\marketplace\booking\confirmation\page.tsx | app\marketplace\booking\MarketplaceBookingClient.tsx | app\marketplace\booking\page.tsx","Search Engine"
"13","IMPLEMENTED-EVIDENCE","app\api\bookings\[id]\route.ts | app\api\bookings\assign-driver\route.ts | app\api\bookings\cancel\route.ts | app\api\bookings\create\route.ts | app\api\bookings\delete\route.ts | app\api\bookings\history\route.ts | app\api\bookings\route.ts | app\api\bookings\status\route.ts","Booking Engine"
"14","NEEDS-VERIFICATION","app\api\vendors\smart-return\route.ts","Smart Return"
"15","IMPLEMENTED-EVIDENCE","app\api\marketplace\listings\route.ts | app\api\marketplace\search\route.ts | app\api\marketplace\twin\route.ts | app\marketplace\booking\confirmation\BookingConfirmationClient.tsx | app\marketplace\booking\confirmation\page.tsx | app\marketplace\booking\MarketplaceBookingClient.tsx | app\marketplace\booking\page.tsx | app\marketplace\page.tsx","Digital Marketplace Twin"
"16","IMPLEMENTED-EVIDENCE","app\api\pricing\packages\route.ts | app\api\pricing\rules\route.ts | app\api\pricing\vehicles\route.ts | app\pricing\page.tsx | components\bookings\fare\PricingRules.ts | lib\services\pricing\PricingService.ts","Pricing Engine"
"17","IMPLEMENTED-EVIDENCE","app\api\finance\wallet\route.ts | app\api\vendors\wallet\route.ts | components\finance\WalletCard.tsx | lib\repositories\wallet.ts","Wallet Engine"
"18","IMPLEMENTED-EVIDENCE","app\api\payments\create-order\route.ts | app\api\payments\verify\route.ts | app\api\payments\webhook\route.ts | components\bookings\PaymentBadge.tsx | components\bookings\PaymentInfoCard.tsx | components\bookings\sections\PaymentSection.tsx | components\drivers\DriverPaymentCard.tsx | components\finance\VendorPaymentCard.tsx","Payment Gateway"
"19","IMPLEMENTED-EVIDENCE","app\api\finance\settlements\route.ts | app\api\vendors\settlements\route.ts | lib\repositories\settlement.ts","Settlement Engine"
"20","IMPLEMENTED-EVIDENCE","app\api\invoices\pdf\route.ts | app\api\invoices\route.ts | components\finance\InvoiceDrawer.tsx | components\reports\InvoiceReportCard.tsx | lib\repositories\invoice\index.ts | lib\services\invoice\InvoicePdfService.ts | lib\services\invoice\InvoiceService.ts","Invoice Engine"
"21","IMPLEMENTED-EVIDENCE","app\api\refunds\route.ts | components\reports\RefundReportCard.tsx | lib\services\refund\RefundService.ts","Refund Engine"
"22","NEEDS-VERIFICATION","app\api\penalties\route.ts | lib\services\penalty\PenaltyService.ts","Penalty Engine"
"23","IMPLEMENTED-EVIDENCE","app\api\corporate\approvals\route.ts | app\api\corporate\budgets\route.ts | app\api\corporate\route.ts | app\api\corporate\travel-policy\route.ts | app\corporate\page.tsx | lib\repositories\corporate.ts | lib\repositories\corporate\CorporateApprovalRepository.ts | lib\services\corporate\CorporateApprovalService.ts","Corporate Module"
"24","IMPLEMENTED-EVIDENCE","app\api\corporate\approvals\route.ts | app\api\corporate\budgets\route.ts | app\api\corporate\route.ts | app\api\corporate\travel-policy\route.ts | app\corporate\page.tsx | components\settings\CompanySettings.tsx | lib\repositories\corporate.ts | lib\repositories\corporate\CorporateApprovalRepository.ts","Company Structure"
"25","MISSING-EVIDENCE","","Employee Module"
"26","IMPLEMENTED-EVIDENCE","app\api\corporate\travel-policy\route.ts | components\settings\CancellationPolicy.tsx | lib\services\corporate\CorporateTravelPolicyService.ts","Travel Policy Engine"
"27","IMPLEMENTED-EVIDENCE",".github\workflows\ci.yml | app\api\corporate\approvals\route.ts | lib\repositories\corporate\CorporateApprovalRepository.ts | lib\services\corporate\CorporateApprovalService.ts","Approval Workflow"
"28","NEEDS-VERIFICATION","app\api\corporate\budgets\route.ts | lib\services\budget\BudgetService.ts","Budget Management"
"29","MISSING-EVIDENCE","","Cost Center Management"
"30","IMPLEMENTED-EVIDENCE","app\analytics\page.tsx | app\api\analytics\route.ts | app\api\corporate\approvals\route.ts | app\api\corporate\budgets\route.ts | app\api\corporate\route.ts | app\api\corporate\travel-policy\route.ts | app\api\marketplace\twin\route.ts | app\corporate\page.tsx","Corporate Digital Twin"
"31","IMPLEMENTED-EVIDENCE","app\api\crm\activities\route.ts | app\api\crm\leads\route.ts | app\api\crm\opportunities\route.ts | app\api\crm\pipeline\route.ts | app\api\crm\tasks\route.ts","Lead Management"
"32","IMPLEMENTED-EVIDENCE","app\api\crm\activities\route.ts | app\api\crm\leads\route.ts | app\api\crm\opportunities\route.ts | app\api\crm\pipeline\route.ts | app\api\crm\tasks\route.ts","Account Management"
"33","IMPLEMENTED-EVIDENCE","app\api\crm\activities\route.ts | app\api\crm\leads\route.ts | app\api\crm\opportunities\route.ts | app\api\crm\pipeline\route.ts | app\api\crm\tasks\route.ts","Opportunity Management"
"34","IMPLEMENTED-EVIDENCE","app\api\crm\activities\route.ts | app\api\crm\leads\route.ts | app\api\crm\opportunities\route.ts | app\api\crm\pipeline\route.ts | app\api\crm\tasks\route.ts | components\ai\AIActivity.tsx | components\automation\AutomationActivity.tsx | components\notifications\RecentActivity.tsx","Task & Activity Management"
"35","IMPLEMENTED-EVIDENCE","app\api\reports\route.ts | app\reports\page.tsx | components\reports\BookingReportCard.tsx | components\reports\CommissionReportCard.tsx | components\reports\CustomerReportCard.tsx | components\reports\DriverReportCard.tsx | components\reports\ExpenseReportCard.tsx | components\reports\ExportCard.tsx","Reports"
"36","IMPLEMENTED-EVIDENCE","app\analytics\page.tsx | app\api\analytics\route.ts | app\api\driver\dashboard\route.ts | app\api\vendors\dashboard\route.ts | components\analytics\AnalyticsFilters.tsx | components\analytics\AnalyticsHeader.tsx | components\analytics\AnalyticsStats.tsx | components\analytics\AnalyticsTable.tsx","Business Intelligence"
"37","IMPLEMENTED-EVIDENCE","app\analytics\page.tsx | app\api\analytics\route.ts | components\analytics\AnalyticsFilters.tsx | components\analytics\AnalyticsHeader.tsx | components\analytics\AnalyticsStats.tsx | components\analytics\AnalyticsTable.tsx | components\analytics\BookingAnalytics.tsx | components\analytics\CityAnalytics.tsx","Analytics"
"38","IMPLEMENTED-EVIDENCE","app\api\security\audit\route.ts | app\api\security\permissions\route.ts | app\api\security\sessions\route.ts | app\security\page.tsx | components\security\RolePermissionMatrix.tsx | components\security\SecurityAlerts.tsx | components\security\SecurityAuditLog.tsx | components\security\SecurityOverview.tsx","Security"
"39","MISSING-EVIDENCE","","Compliance"
"40","IMPLEMENTED-EVIDENCE","app\api\security\audit\route.ts | components\security\SecurityAuditLog.tsx | lib\audit.ts | lib\security\audit-log.ts | lib\services\audit\AuditService.ts","Audit Logs"
"41","IMPLEMENTED-EVIDENCE","app\api\support\tickets\[id]\escalations\route.ts | app\api\support\tickets\[id]\messages\route.ts | app\api\support\tickets\[id]\route.ts | app\api\support\tickets\[id]\sla\route.ts | app\api\support\tickets\route.ts | app\support\page.tsx | components\support\AgentPerformance.tsx | components\support\CustomerSupport.tsx","Support Ticket System"
"42","IMPLEMENTED-EVIDENCE","app\api\documents\route.ts | app\api\driver\documents\route.ts | components\drivers\DriverDocumentCard.tsx | components\vehicles\VehicleDocumentCard.tsx | components\vendors\VendorDocumentCard.tsx | lib\services\documents\DocumentService.ts","Document Management"
"43","IMPLEMENTED-EVIDENCE","app\api\customers\profile\route.ts | app\api\driver\profile\route.ts | app\api\vendors\profile\route.ts | components\navigation\SidebarProfile.tsx | components\profile\ProfileDropdown.tsx | components\profile\UserAvatar.tsx","File Management"
"44","IMPLEMENTED-EVIDENCE","app\settings\page.tsx | components\notifications\NotificationSettingsCard.tsx | components\settings\ActivityLogs.tsx | components\settings\APISettings.tsx | components\settings\BackupRestore.tsx | components\settings\BookingSettings.tsx | components\settings\BrandingSettings.tsx | components\settings\CancellationPolicy.tsx","Settings & Configuration"
"45","IMPLEMENTED-EVIDENCE","app\api\health\route.ts | components\ui\widgets\FleetHealth.tsx | lib\monitoring\alerts.ts | lib\monitoring\error-monitor.ts | lib\monitoring\index.ts | lib\monitoring\logger.ts | tests\api\api-health.test.ts","Monitoring & Logging"
"46","IMPLEMENTED-EVIDENCE",".eslintrc.json | .github\workflows\ci.yml | .vercel\repo.json | app\(auth)\forgot-password\page.tsx | app\(auth)\login\page.tsx | app\(auth)\register\page.tsx | app\(auth)\reset-password\page.tsx | app\ai\page.tsx","Admin Dashboard"
"47","EXCLUDED","Website/App excluded from current build","Customer Website"
"48","EXCLUDED","Website/App excluded from current build","Customer App"
"49","EXCLUDED","Website/App excluded from current build","Vendor Portal & Vendor App"
"50","EXCLUDED","Website/App excluded from current build","Driver App"
"51","EXCLUDED","Website/App excluded from current build","Corporate Portal"
"52","EXCLUDED","Website/App excluded from current build","Corporate App"
"53","MISSING-EVIDENCE","","API Catalogue"
"54","MISSING-EVIDENCE","","DevOps"
"55","NEEDS-VERIFICATION",".github\workflows\ci.yml","CI/CD"
"56","MISSING-EVIDENCE","","Production Deployment"
"57","NEEDS-VERIFICATION","components\settings\BackupRestore.tsx | prisma\migrations\20260809100000_restore_enterprise_schema\migration.sql","Backup & Disaster Recovery"
"58","IMPLEMENTED-EVIDENCE","components\drivers\DriverPerformanceCard.tsx | components\reports\PerformanceReport.tsx | components\support\AgentPerformance.tsx | components\vendors\VendorPerformanceCard.tsx","Performance Optimization"
"59","MISSING-EVIDENCE","","Product Roadmap"
