"Module","ModuleName","Requirement","Status","Confidence","EvidenceCount","EvidenceFiles"
"1","Platform Architecture","Purpose","NEEDS-LIVE-VERIFICATION","MEDIUM","2",".agents\skills\prisma-cli\SKILL.md | .agents\skills\prisma-mongodb-upgrade\references\migrations-mapping.md"
"1","Platform Architecture","Folder Structure","MISSING-NO-EVIDENCE","HIGH","0",""
"1","Platform Architecture","Coding Standards","MISSING-NO-EVIDENCE","HIGH","0",""
"1","Platform Architecture","Repository","IMPLEMENTED-EVIDENCE","HIGH","37",".agents\skills\prisma-compute\references\app-deploy-cli.md | .agents\skills\prisma-compute\references\compute-config.md | .agents\skills\prisma-compute\references\troubleshooting.md | .agents\skills\prisma-mongodb-upgrade\references\decision-stay-or-migrate.md | .agents\skills\prisma-mongodb-upgrade\references\schema-contract-mapping.md | app\api\customers\route.ts | app\api\payments\create-order\route.ts | app\api\payments\verify\route.ts | docs\DEPLOYMENT.md | lib\ai\ai-prompts.ts | lib\ai\AIRepository.ts | lib\ai\AIService.ts"
"1","Platform Architecture","Service Architecture","MISSING-NO-EVIDENCE","HIGH","0",""
"1","Platform Architecture","Event Bus Integration","MISSING-NO-EVIDENCE","HIGH","0",""
"1","Platform Architecture","Shared Libraries","MISSING-NO-EVIDENCE","HIGH","0",""
"2","Database Architecture","Prisma","IMPLEMENTED-EVIDENCE","HIGH","165",".agents\skills\prisma-cli\references\db-execute.md | .agents\skills\prisma-cli\references\db-pull.md | .agents\skills\prisma-cli\references\db-push.md | .agents\skills\prisma-cli\references\db-seed.md | .agents\skills\prisma-cli\references\debug.md | .agents\skills\prisma-cli\references\dev.md | .agents\skills\prisma-cli\references\format.md | .agents\skills\prisma-cli\references\generate.md | .agents\skills\prisma-cli\references\init.md | .agents\skills\prisma-cli\references\mcp.md | .agents\skills\prisma-cli\references\migrate-deploy.md | .agents\skills\prisma-cli\references\migrate-dev.md"
"2","Database Architecture","PostgreSQL","NEEDS-LIVE-VERIFICATION","MEDIUM","26",".agents\skills\prisma-cli\references\dev.md | .agents\skills\prisma-cli\references\init.md | .agents\skills\prisma-cli\references\studio.md | .agents\skills\prisma-cli\SKILL.md | .agents\skills\prisma-client-api\references\raw-queries.md | .agents\skills\prisma-compute\references\app-deploy-cli.md | .agents\skills\prisma-compute\references\create-prisma.md | .agents\skills\prisma-compute\references\troubleshooting.md | .agents\skills\prisma-database-setup\references\cockroachdb.md | .agents\skills\prisma-database-setup\references\postgresql.md | .agents\skills\prisma-database-setup\references\prisma-postgres.md | .agents\skills\prisma-database-setup\SKILL.md"
"2","Database Architecture","Relationships","MISSING-NO-EVIDENCE","HIGH","0",""
"2","Database Architecture","Indexes","NEEDS-LIVE-VERIFICATION","MEDIUM","7",".agents\skills\prisma-cli\references\db-pull.md | .agents\skills\prisma-cli\references\migrate-dev.md | .agents\skills\prisma-database-setup\references\mongodb.md | .agents\skills\prisma-mongodb-upgrade\references\migrations-mapping.md | .agents\skills\prisma-mongodb-upgrade\references\schema-contract-mapping.md | .agents\skills\prisma-mongodb-upgrade\references\verify-cutover-checklist.md | .agents\skills\prisma-upgrade-v7\references\schema-changes.md"
"2","Database Architecture","Enums","NEEDS-LIVE-VERIFICATION","MEDIUM","5",".agents\skills\prisma-cli\references\generate.md | .agents\skills\prisma-database-setup\references\sqlite.md | .agents\skills\prisma-upgrade-v7\references\esm-support.md | .agents\skills\prisma-upgrade-v7\references\schema-changes.md | .agents\skills\prisma-upgrade-v7\SKILL.md"
"2","Database Architecture","Soft Delete","IMPLEMENTED-EVIDENCE","HIGH","7",".agents\skills\prisma-client-api\references\client-methods.md | .agents\skills\prisma-upgrade-v7\references\removed-features.md | app\api\drivers\route.ts | app\api\vehicles\route.ts | lib\repositories\customer.ts | lib\repositories\vehicle.ts | lib\services\vehicle\VehicleService.ts"
"2","Database Architecture","Audit Fields","MISSING-NO-EVIDENCE","HIGH","0",""
"3","Authentication & RBAC","Users","IMPLEMENTED-EVIDENCE","HIGH","46",".agents\skills\prisma-cli\references\db-pull.md | .agents\skills\prisma-cli\references\db-seed.md | .agents\skills\prisma-cli\references\migrate-dev.md | .agents\skills\prisma-cli\SKILL.md | .agents\skills\prisma-client-api\references\client-methods.md | .agents\skills\prisma-client-api\references\constructor.md | .agents\skills\prisma-client-api\references\filters.md | .agents\skills\prisma-client-api\references\model-queries.md | .agents\skills\prisma-client-api\references\query-options.md | .agents\skills\prisma-client-api\references\raw-queries.md | .agents\skills\prisma-client-api\references\relations.md | .agents\skills\prisma-client-api\SKILL.md"
"3","Authentication & RBAC","Roles","IMPLEMENTED-EVIDENCE","HIGH","13",".agents\skills\prisma-client-api\references\raw-queries.md | app\api\finance\wallet\route.ts | app\api\payments\create-order\route.ts | app\api\vendors\wallet\route.ts | app\settings\page.tsx | components\auth\PermissionGuard.tsx | components\security\RolePermissionMatrix.tsx | components\settings\RolePermissions.tsx | data\settings.ts | data\sidebar.ts | lib\auth\auth-utils.ts | lib\auth\middleware.ts"
"3","Authentication & RBAC","Permissions","IMPLEMENTED-EVIDENCE","HIGH","17",".agents\skills\prisma-compute\references\troubleshooting.md | app\api\security\permissions\route.ts | app\middleware.ts | app\settings\page.tsx | components\common\PermissionGate.tsx | components\navigation\navigation.ts | components\security\SecurityOverview.tsx | components\settings\RolePermissions.tsx | docs\API_CATALOGUE.md | hooks\usePermission.ts | lib\permissions.ts | lib\rbac.ts"
"3","Authentication & RBAC","JWT","MISSING-NO-EVIDENCE","HIGH","0",""
"3","Authentication & RBAC","OTP","MISSING-NO-EVIDENCE","HIGH","0",""
"3","Authentication & RBAC","Sessions","IMPLEMENTED-EVIDENCE","HIGH","13",".agents\skills\prisma-compute\references\app-deploy-cli.md | .agents\skills\prisma-compute\references\troubleshooting.md | .agents\skills\prisma-compute\SKILL.md | .agents\skills\prisma-mongodb-upgrade\references\client-api-mapping.md | app\api\security\sessions\route.ts | app\page.tsx | components\dashboard\Footer.tsx | components\security\SecurityOverview.tsx | components\security\SecurityStats.tsx | components\security\SessionTable.tsx | docs\API_CATALOGUE.md | lib\security\session.ts"
"3","Authentication & RBAC","Corporate Login","MISSING-NO-EVIDENCE","HIGH","0",""
"4","Notification Engine","WhatsApp","IMPLEMENTED-EVIDENCE","HIGH","33","app\notifications\page.tsx | app\settings\page.tsx | app\support\page.tsx | components\automation\AutomationActivity.tsx | components\automation\AutomationRuleTable.tsx | components\notifications\CommunicationLogs.tsx | components\notifications\DeliveryStatus.tsx | components\notifications\FailedNotifications.tsx | components\notifications\NotificationAnalytics.tsx | components\notifications\QuickBroadcast.tsx | components\notifications\RecentActivity.tsx | components\notifications\ScheduledNotifications.tsx"
"4","Notification Engine","SMS","MISSING-NO-EVIDENCE","HIGH","0",""
"4","Notification Engine","Email","IMPLEMENTED-EVIDENCE","HIGH","89",".agents\skills\prisma-cli\references\db-pull.md | .agents\skills\prisma-cli\references\db-push.md | .agents\skills\prisma-cli\references\db-seed.md | .agents\skills\prisma-cli\references\migrate-dev.md | .agents\skills\prisma-client-api\references\client-methods.md | .agents\skills\prisma-client-api\references\filters.md | .agents\skills\prisma-client-api\references\model-queries.md | .agents\skills\prisma-client-api\references\query-options.md | .agents\skills\prisma-client-api\references\raw-queries.md | .agents\skills\prisma-client-api\references\relations.md | .agents\skills\prisma-client-api\references\transactions.md | .agents\skills\prisma-client-api\SKILL.md"
"4","Notification Engine","Push","IMPLEMENTED-EVIDENCE","HIGH","54",".agents\skills\prisma-cli\references\db-push.md | .agents\skills\prisma-cli\references\migrate-dev.md | .agents\skills\prisma-cli\SKILL.md | .agents\skills\prisma-compute\references\app-deploy-cli.md | .agents\skills\prisma-compute\references\troubleshooting.md | .agents\skills\prisma-compute\SKILL.md | .agents\skills\prisma-database-setup\references\mongodb.md | .agents\skills\prisma-driver-adapter-implementation\SKILL.md | .agents\skills\prisma-mongodb-upgrade\references\decision-stay-or-migrate.md | .agents\skills\prisma-mongodb-upgrade\references\migrations-mapping.md | .agents\skills\prisma-mongodb-upgrade\references\schema-contract-mapping.md | .agents\skills\prisma-mongodb-upgrade\references\verify-cutover-checklist.md"
"4","Notification Engine","Templates","IMPLEMENTED-EVIDENCE","HIGH","9",".agents\skills\prisma-compute\references\create-prisma.md | .agents\skills\prisma-compute\references\frameworks.md | app\notifications\page.tsx | app\support\page.tsx | components\notifications\TemplateManager.tsx | components\settings\WhatsAppSettings.tsx | components\support\WhatsAppTemplates.tsx | data\notifications.ts | data\sidebar.ts"
"4","Notification Engine","Queues","MISSING-NO-EVIDENCE","HIGH",,"prisma\schema.prisma"
"4","Notification Engine","Automation","IMPLEMENTED-EVIDENCE","HIGH","31",".agents\skills\prisma-cli\references\migrate-reset.md | .agents\skills\prisma-compute\references\compute-config.md | .agents\skills\prisma-compute\references\frameworks.md | .agents\skills\prisma-compute\references\sdk-api.md | .agents\skills\prisma-compute\SKILL.md | .agents\skills\prisma-postgres\references\management-api.md | app\api\automation\route.ts | app\api\payments\verify\route.ts | app\api\payments\webhook\route.ts | app\automation\page.tsx | components\ai\AIOverview.tsx | components\ai\AIStats.tsx"
"5","AI Engine","Recommendation Engine","MISSING-NO-EVIDENCE","HIGH",,"lib\ai\ai-types.ts"
"5","AI Engine","Prediction Engine","MISSING-NO-EVIDENCE","HIGH","0",""
"5","AI Engine","AI Assistant","MISSING-NO-EVIDENCE","HIGH",,".agents\skills\prisma-cli\references\mcp.md"
"5","AI Engine","Knowledge Base","IMPLEMENTED-EVIDENCE","HIGH","6","app\support\page.tsx | components\support\KnowledgeBase.tsx | data\sidebar.ts | data\support.ts | prisma\migrations\20260809100000_restore_enterprise_schema\migration.sql | prisma\schema.prisma"
"5","AI Engine","Automation","IMPLEMENTED-EVIDENCE","HIGH","31",".agents\skills\prisma-cli\references\migrate-reset.md | .agents\skills\prisma-compute\references\compute-config.md | .agents\skills\prisma-compute\references\frameworks.md | .agents\skills\prisma-compute\references\sdk-api.md | .agents\skills\prisma-compute\SKILL.md | .agents\skills\prisma-postgres\references\management-api.md | app\api\automation\route.ts | app\api\payments\verify\route.ts | app\api\payments\webhook\route.ts | app\automation\page.tsx | components\ai\AIOverview.tsx | components\ai\AIStats.tsx"
"5","AI Engine","Monitoring","NEEDS-LIVE-VERIFICATION","MEDIUM","5","data\support.ts | docs\OPERATIONS.md | lib\monitoring\alerts.ts | lib\monitoring\error-monitor.ts | lib\monitoring\index.ts"
"6","Event Bus","Publish/Subscribe","MISSING-NO-EVIDENCE","HIGH","0",""
"6","Event Bus","Booking Events","MISSING-NO-EVIDENCE","HIGH","0",""
"6","Event Bus","Finance Events","MISSING-NO-EVIDENCE","HIGH","0",""
"6","Event Bus","CRM Events","MISSING-NO-EVIDENCE","HIGH","0",""
"6","Event Bus","Analytics Events","IMPLEMENTED-EVIDENCE","HIGH","2","lib\repositories\analytics.ts | lib\services\analytics\AnalyticsService.ts"
"6","Event Bus","Retry Queue","NEEDS-LIVE-VERIFICATION","MEDIUM","2","lib\events\event-dispatcher.ts | prisma\schema.prisma"
"7","Customer Module","Purpose","NEEDS-LIVE-VERIFICATION","MEDIUM","2",".agents\skills\prisma-cli\SKILL.md | .agents\skills\prisma-mongodb-upgrade\references\migrations-mapping.md"
"7","Customer Module","Prisma Models","NEEDS-LIVE-VERIFICATION","MEDIUM","2",".agents\skills\prisma-cli\references\db-pull.md | .agents\skills\prisma-client-api\references\model-queries.md"
"7","Customer Module","Relationships","MISSING-NO-EVIDENCE","HIGH","0",""
"7","Customer Module","Customer APIs","MISSING-NO-EVIDENCE","HIGH","0",""
"7","Customer Module","Business Logic","MISSING-NO-EVIDENCE","HIGH","0",""
"7","Customer Module","Admin Dashboard","MISSING-NO-EVIDENCE","HIGH","0",""
"7","Customer Module","Customer Website","MISSING-NO-EVIDENCE","HIGH","0",""
"7","Customer Module","Customer App","MISSING-NO-EVIDENCE","HIGH","0",""
"7","Customer Module","Notifications","IMPLEMENTED-EVIDENCE","HIGH","36","app\api\driver\notifications\route.ts | app\api\notifications\route.ts | app\notifications\page.tsx | app\page.tsx | app\settings\page.tsx | components\automation\AutomationOverview.tsx | components\dashboard\SystemStatus.tsx | components\Header.tsx | components\navigation\navigation.ts | components\navigation\navigation-data.ts | components\navigation\navigation-icons.ts | components\notifications\DeliveryStatus.tsx"
"7","Customer Module","Automation","IMPLEMENTED-EVIDENCE","HIGH","31",".agents\skills\prisma-cli\references\migrate-reset.md | .agents\skills\prisma-compute\references\compute-config.md | .agents\skills\prisma-compute\references\frameworks.md | .agents\skills\prisma-compute\references\sdk-api.md | .agents\skills\prisma-compute\SKILL.md | .agents\skills\prisma-postgres\references\management-api.md | app\api\automation\route.ts | app\api\payments\verify\route.ts | app\api\payments\webhook\route.ts | app\automation\page.tsx | components\ai\AIOverview.tsx | components\ai\AIStats.tsx"
"7","Customer Module","AI","MISSING-NO-EVIDENCE","HIGH","0",""
"8","Vendor Module","Purpose","NEEDS-LIVE-VERIFICATION","MEDIUM","2",".agents\skills\prisma-cli\SKILL.md | .agents\skills\prisma-mongodb-upgrade\references\migrations-mapping.md"
"8","Vendor Module","Vendor Models","MISSING-NO-EVIDENCE","HIGH","0",""
"8","Vendor Module","Fleet","IMPLEMENTED-EVIDENCE","HIGH","21","app\page.tsx | components\analytics\AnalyticsStats.tsx | components\analytics\VehicleAnalytics.tsx | components\dashboard\ExecutiveOverview.tsx | components\dashboard\Hero.tsx | components\dashboard\OperationsSection.tsx | components\reports\VehicleReportCard.tsx | components\ui\charts\FleetChart.tsx | components\ui\charts\index.ts | components\ui\widgets\AIInsight.tsx | components\ui\widgets\FleetHealth.tsx | components\ui\widgets\index.ts"
"8","Vendor Module","Vendor APIs","MISSING-NO-EVIDENCE","HIGH","0",""
"8","Vendor Module","Vendor Portal","MISSING-NO-EVIDENCE","HIGH","0",""
"8","Vendor Module","Vendor App","IMPLEMENTED-EVIDENCE","HIGH","3","components\settings\SystemLogs.tsx | components\support\VendorSupport.tsx | components\ui\widgets\NotificationWidget.tsx"
"8","Vendor Module","Wallet","IMPLEMENTED-EVIDENCE","HIGH","39","app\api\corporate\route.ts | app\api\drivers\route.ts | app\api\finance\wallet\route.ts | app\api\vendors\dashboard\route.ts | app\api\vendors\profile\route.ts | app\api\vendors\settlements\route.ts | app\api\vendors\wallet\route.ts | app\finance\page.tsx | app\page.tsx | components\bookings\BookingStats.tsx | components\bookings\fare\FareSummaryCard.tsx | components\bookings\PaymentBadge.tsx"
"8","Vendor Module","Settlements","IMPLEMENTED-EVIDENCE","HIGH","15","app\api\finance\settlements\route.ts | app\api\vendors\dashboard\route.ts | app\api\vendors\settlements\route.ts | app\api\vendors\wallet\route.ts | components\finance\FinanceHeader.tsx | components\finance\FinanceStats.tsx | components\settings\TaxGSTSettings.tsx | components\support\FAQManager.tsx | docs\API_CATALOGUE.md | lib\repositories\settlement.ts | lib\repositories\vendor.ts | lib\repositories\wallet.ts"
"8","Vendor Module","Automation","IMPLEMENTED-EVIDENCE","HIGH","31",".agents\skills\prisma-cli\references\migrate-reset.md | .agents\skills\prisma-compute\references\compute-config.md | .agents\skills\prisma-compute\references\frameworks.md | .agents\skills\prisma-compute\references\sdk-api.md | .agents\skills\prisma-compute\SKILL.md | .agents\skills\prisma-postgres\references\management-api.md | app\api\automation\route.ts | app\api\payments\verify\route.ts | app\api\payments\webhook\route.ts | app\automation\page.tsx | components\ai\AIOverview.tsx | components\ai\AIStats.tsx"
"8","Vendor Module","AI","MISSING-NO-EVIDENCE","HIGH","0",""
"9","Driver Module","Purpose","NEEDS-LIVE-VERIFICATION","MEDIUM","2",".agents\skills\prisma-cli\SKILL.md | .agents\skills\prisma-mongodb-upgrade\references\migrations-mapping.md"
"9","Driver Module","Driver Models","MISSING-NO-EVIDENCE","HIGH","0",""
"9","Driver Module","Trip APIs","MISSING-NO-EVIDENCE","HIGH","0",""
"9","Driver Module","Driver App","MISSING-NO-EVIDENCE","HIGH","0",""
"9","Driver Module","Attendance","IMPLEMENTED-EVIDENCE","HIGH","6","app\drivers\page.tsx | components\drivers\DriverAttendanceCard.tsx | components\drivers\DriverHeader.tsx | data\sidebar.ts | prisma\migrations\20260809100000_restore_enterprise_schema\migration.sql | prisma\schema.prisma"
"9","Driver Module","Navigation","IMPLEMENTED-EVIDENCE","HIGH","25",".agents\skills\prisma-cli\references\studio.md | .agents\skills\prisma-cli\SKILL.md | app\(auth)\reset-password\page.tsx | app\marketplace\booking\confirmation\BookingConfirmationClient.tsx | app\marketplace\booking\MarketplaceBookingClient.tsx | app\marketplace\page.tsx | app\marketplace\results\MarketplaceResultsClient.tsx | app\settings\page.tsx | components\auth\AuthGuard.tsx | components\auth\LoginForm.tsx | components\bookings\location\RoutePreview.tsx | components\bookings\TripInfoCard.tsx"
"9","Driver Module","Notifications","IMPLEMENTED-EVIDENCE","HIGH","36","app\api\driver\notifications\route.ts | app\api\notifications\route.ts | app\notifications\page.tsx | app\page.tsx | app\settings\page.tsx | components\automation\AutomationOverview.tsx | components\dashboard\SystemStatus.tsx | components\Header.tsx | components\navigation\navigation.ts | components\navigation\navigation-data.ts | components\navigation\navigation-icons.ts | components\notifications\DeliveryStatus.tsx"
"9","Driver Module","Automation","IMPLEMENTED-EVIDENCE","HIGH","31",".agents\skills\prisma-cli\references\migrate-reset.md | .agents\skills\prisma-compute\references\compute-config.md | .agents\skills\prisma-compute\references\frameworks.md | .agents\skills\prisma-compute\references\sdk-api.md | .agents\skills\prisma-compute\SKILL.md | .agents\skills\prisma-postgres\references\management-api.md | app\api\automation\route.ts | app\api\payments\verify\route.ts | app\api\payments\webhook\route.ts | app\automation\page.tsx | components\ai\AIOverview.tsx | components\ai\AIStats.tsx"
"9","Driver Module","AI","MISSING-NO-EVIDENCE","HIGH","0",""
"10","Vehicle Module","Vehicle Models","MISSING-NO-EVIDENCE","HIGH","0",""
"10","Vehicle Module","Availability","IMPLEMENTED-EVIDENCE","HIGH","20","app\api\drivers\route.ts | app\marketplace\results\MarketplaceResultsClient.tsx | app\page.tsx | app\vehicles\page.tsx | components\drivers\DriverAttendanceCard.tsx | components\drivers\DriverDetailsDrawer.tsx | components\drivers\DriverRow.tsx | components\drivers\DriverTable.tsx | components\drivers\DriverVehicleCard.tsx | components\reports\DriverReportCard.tsx | components\reports\VehicleReportCard.tsx | components\vehicles\VehicleHeader.tsx"
"10","Vehicle Module","Documents","IMPLEMENTED-EVIDENCE","HIGH","27",".agents\skills\prisma-cli\references\db-pull.md | .agents\skills\prisma-mongodb-upgrade\references\schema-contract-mapping.md | .agents\skills\prisma-mongodb-upgrade\references\verify-cutover-checklist.md | app\api\documents\route.ts | app\api\driver\documents\route.ts | app\api\driver\profile\route.ts | app\api\vendors\profile\route.ts | app\api\vendors\vehicles\route.ts | components\drivers\DriverDocumentCard.tsx | components\drivers\DriverForm.tsx | components\drivers\DriverHeader.tsx | components\navigation\navigation-icons.ts"
"10","Vehicle Module","Pricing","IMPLEMENTED-EVIDENCE","HIGH","24","app\api\bookings\create\route.ts | app\api\pricing\packages\route.ts | app\api\pricing\rules\route.ts | app\api\pricing\vehicles\route.ts | app\api\vendors\profile\route.ts | app\api\vendors\smart-return\route.ts | app\marketplace\booking\MarketplaceBookingClient.tsx | app\marketplace\results\MarketplaceResultsClient.tsx | app\pricing\page.tsx | components\ai\AIActivity.tsx | components\ai\AIOverview.tsx | components\bookings\fare\FareInputSection.tsx"
"10","Vehicle Module","Maintenance","IMPLEMENTED-EVIDENCE","HIGH","29",".agents\skills\prisma-cli\references\db-execute.md | .agents\skills\prisma-mongodb-upgrade\references\decision-stay-or-migrate.md | .agents\skills\prisma-mongodb-upgrade\SKILL.md | app\api\vehicles\route.ts | app\api\vendors\vehicles\route.ts | app\vehicles\page.tsx | components\bookings\VehicleSelect.tsx | components\dashboard\BusinessOverview.tsx | components\drivers\DriverForm.tsx | components\finance\AddExpenseModal.tsx | components\finance\ExpenseBreakdown.tsx | components\finance\ExpenseForm.tsx"
"10","Vehicle Module","Vehicle APIs","MISSING-NO-EVIDENCE","HIGH","0",""
"10","Vehicle Module","Automation","IMPLEMENTED-EVIDENCE","HIGH","31",".agents\skills\prisma-cli\references\migrate-reset.md | .agents\skills\prisma-compute\references\compute-config.md | .agents\skills\prisma-compute\references\frameworks.md | .agents\skills\prisma-compute\references\sdk-api.md | .agents\skills\prisma-compute\SKILL.md | .agents\skills\prisma-postgres\references\management-api.md | app\api\automation\route.ts | app\api\payments\verify\route.ts | app\api\payments\webhook\route.ts | app\automation\page.tsx | components\ai\AIOverview.tsx | components\ai\AIStats.tsx"
"11","Marketplace Listing Engine","Listing Models","MISSING-NO-EVIDENCE","HIGH","0",""
"11","Marketplace Listing Engine","Search Index","MISSING-NO-EVIDENCE","HIGH","0",""
"11","Marketplace Listing Engine","Listing APIs","MISSING-NO-EVIDENCE","HIGH","0",""
"11","Marketplace Listing Engine","Ranking","MISSING-NO-EVIDENCE","HIGH","0",""
"11","Marketplace Listing Engine","Filters","IMPLEMENTED-EVIDENCE","HIGH","27",".agents\skills\prisma-client-api\references\filters.md | .agents\skills\prisma-client-api\references\query-options.md | .agents\skills\prisma-client-api\references\relations.md | .agents\skills\prisma-client-api\SKILL.md | app\analytics\page.tsx | app\api\reports\route.ts | app\bookings\page.tsx | app\corporate\page.tsx | app\customers\page.tsx | app\drivers\page.tsx | app\finance\page.tsx | app\reports\page.tsx"
"11","Marketplace Listing Engine","Media","IMPLEMENTED-EVIDENCE","HIGH","9",".agents\skills\prisma-compute\references\app-deploy-cli.md | .agents\skills\prisma-compute\references\troubleshooting.md | .agents\skills\prisma-postgres\references\console-and-connections.md | .agents\skills\prisma-postgres\SKILL.md | .agents\skills\prisma-postgres-setup\references\auth.md | app\marketplace\booking\MarketplaceBookingClient.tsx | lib\services\invoice\InvoicePdfService.ts | prisma\migrations\20260809100000_restore_enterprise_schema\migration.sql | prisma\schema.prisma"
"12","Search Engine","Search APIs","MISSING-NO-EVIDENCE","HIGH","0",""
"12","Search Engine","Filters","IMPLEMENTED-EVIDENCE","HIGH","27",".agents\skills\prisma-client-api\references\filters.md | .agents\skills\prisma-client-api\references\query-options.md | .agents\skills\prisma-client-api\references\relations.md | .agents\skills\prisma-client-api\SKILL.md | app\analytics\page.tsx | app\api\reports\route.ts | app\bookings\page.tsx | app\corporate\page.tsx | app\customers\page.tsx | app\drivers\page.tsx | app\finance\page.tsx | app\reports\page.tsx"
"12","Search Engine","Sorting","NEEDS-LIVE-VERIFICATION","MEDIUM","2",".agents\skills\prisma-cli\references\studio.md | .agents\skills\prisma-client-api\SKILL.md"
"12","Search Engine","Geo Search","MISSING-NO-EVIDENCE","HIGH","0",""
"12","Search Engine","Availability","IMPLEMENTED-EVIDENCE","HIGH","20","app\api\drivers\route.ts | app\marketplace\results\MarketplaceResultsClient.tsx | app\page.tsx | app\vehicles\page.tsx | components\drivers\DriverAttendanceCard.tsx | components\drivers\DriverDetailsDrawer.tsx | components\drivers\DriverRow.tsx | components\drivers\DriverTable.tsx | components\drivers\DriverVehicleCard.tsx | components\reports\DriverReportCard.tsx | components\reports\VehicleReportCard.tsx | components\vehicles\VehicleHeader.tsx"
"12","Search Engine","Performance","IMPLEMENTED-EVIDENCE","HIGH","33",".agents\skills\prisma-client-api\references\transactions.md | .agents\skills\prisma-mongodb-upgrade\references\verify-cutover-checklist.md | app\drivers\page.tsx | app\reports\page.tsx | app\support\page.tsx | components\analytics\AnalyticsHeader.tsx | components\analytics\AnalyticsTable.tsx | components\analytics\CityAnalytics.tsx | components\analytics\RevenueAnalytics.tsx | components\analytics\VehicleAnalytics.tsx | components\drivers\DriverHeader.tsx | components\drivers\DriverPerformanceCard.tsx"
"13","Booking Engine","Booking Models","MISSING-NO-EVIDENCE","HIGH","0",""
"13","Booking Engine","Booking APIs","MISSING-NO-EVIDENCE","HIGH","0",""
"13","Booking Engine","Timeline","IMPLEMENTED-EVIDENCE","HIGH","8","app\page.tsx | app\support\page.tsx | components\bookings\BookingDetailsDrawer.tsx | components\bookings\StatusTimeline.tsx | components\dashboard\OperationsSection.tsx | components\support\TicketTimeline.tsx | components\ui\widgets\BookingTimeline.tsx | components\ui\widgets\index.ts"
"13","Booking Engine","Workflow","IMPLEMENTED-EVIDENCE","HIGH","45",".agents\skills\prisma-cli\references\db-pull.md | .agents\skills\prisma-cli\references\db-push.md | .agents\skills\prisma-cli\references\db-seed.md | .agents\skills\prisma-cli\references\dev.md | .agents\skills\prisma-cli\references\format.md | .agents\skills\prisma-cli\references\migrate-deploy.md | .agents\skills\prisma-cli\references\migrate-dev.md | .agents\skills\prisma-cli\references\migrate-reset.md | .agents\skills\prisma-cli\references\studio.md | .agents\skills\prisma-cli\SKILL.md | .agents\skills\prisma-client-api\references\constructor.md | .agents\skills\prisma-compute\references\app-deploy-cli.md"
"13","Booking Engine","Corporate Booking","IMPLEMENTED-EVIDENCE","HIGH","4","app\page.tsx | components\dashboard\BusinessOverview.tsx | components\ui\widgets\LiveActivity.tsx | components\vehicles\VehicleTripHistoryCard.tsx"
"13","Booking Engine","Notifications","IMPLEMENTED-EVIDENCE","HIGH","36","app\api\driver\notifications\route.ts | app\api\notifications\route.ts | app\notifications\page.tsx | app\page.tsx | app\settings\page.tsx | components\automation\AutomationOverview.tsx | components\dashboard\SystemStatus.tsx | components\Header.tsx | components\navigation\navigation.ts | components\navigation\navigation-data.ts | components\navigation\navigation-icons.ts | components\notifications\DeliveryStatus.tsx"
"13","Booking Engine","Automation","IMPLEMENTED-EVIDENCE","HIGH","31",".agents\skills\prisma-cli\references\migrate-reset.md | .agents\skills\prisma-compute\references\compute-config.md | .agents\skills\prisma-compute\references\frameworks.md | .agents\skills\prisma-compute\references\sdk-api.md | .agents\skills\prisma-compute\SKILL.md | .agents\skills\prisma-postgres\references\management-api.md | app\api\automation\route.ts | app\api\payments\verify\route.ts | app\api\payments\webhook\route.ts | app\automation\page.tsx | components\ai\AIOverview.tsx | components\ai\AIStats.tsx"
"14","Smart Return","Detection Logic","MISSING-NO-EVIDENCE","HIGH","0",""
"14","Smart Return","Eligibility","MISSING-NO-EVIDENCE","HIGH",,"lib\services\marketplace\MarketplaceListingService.ts"
"14","Smart Return","Return Listings","MISSING-NO-EVIDENCE","HIGH","0",""
"14","Smart Return","Automation","IMPLEMENTED-EVIDENCE","HIGH","31",".agents\skills\prisma-cli\references\migrate-reset.md | .agents\skills\prisma-compute\references\compute-config.md | .agents\skills\prisma-compute\references\frameworks.md | .agents\skills\prisma-compute\references\sdk-api.md | .agents\skills\prisma-compute\SKILL.md | .agents\skills\prisma-postgres\references\management-api.md | app\api\automation\route.ts | app\api\payments\verify\route.ts | app\api\payments\webhook\route.ts | app\automation\page.tsx | components\ai\AIOverview.tsx | components\ai\AIStats.tsx"
"14","Smart Return","Notifications","IMPLEMENTED-EVIDENCE","HIGH","36","app\api\driver\notifications\route.ts | app\api\notifications\route.ts | app\notifications\page.tsx | app\page.tsx | app\settings\page.tsx | components\automation\AutomationOverview.tsx | components\dashboard\SystemStatus.tsx | components\Header.tsx | components\navigation\navigation.ts | components\navigation\navigation-data.ts | components\navigation\navigation-icons.ts | components\notifications\DeliveryStatus.tsx"
"14","Smart Return","AI","MISSING-NO-EVIDENCE","HIGH","0",""
"15","Digital Marketplace Twin","Demand Analytics","MISSING-NO-EVIDENCE","HIGH","0",""
"15","Digital Marketplace Twin","Supply Analytics","MISSING-NO-EVIDENCE","HIGH","0",""
"15","Digital Marketplace Twin","Pricing Insights","MISSING-NO-EVIDENCE","HIGH","0",""
"15","Digital Marketplace Twin","Vendor Utilization","MISSING-NO-EVIDENCE","HIGH","0",""
"15","Digital Marketplace Twin","Predictions","IMPLEMENTED-EVIDENCE","HIGH","5","app\api\ai\route.ts | lib\ai\AIRepository.ts | lib\ai\AIService.ts | lib\services\analytics\AnalyticsService.ts | prisma\schema.prisma"
"15","Digital Marketplace Twin","AI","MISSING-NO-EVIDENCE","HIGH","0",""
"16","Pricing Engine","Purpose","NEEDS-LIVE-VERIFICATION","MEDIUM","2",".agents\skills\prisma-cli\SKILL.md | .agents\skills\prisma-mongodb-upgrade\references\migrations-mapping.md"
"16","Pricing Engine","Prisma Models","NEEDS-LIVE-VERIFICATION","MEDIUM","2",".agents\skills\prisma-cli\references\db-pull.md | .agents\skills\prisma-client-api\references\model-queries.md"
"16","Pricing Engine","Pricing APIs","MISSING-NO-EVIDENCE","HIGH","0",""
"16","Pricing Engine","Dynamic Pricing","IMPLEMENTED-EVIDENCE","HIGH","6","app\api\pricing\rules\route.ts | components\ai\AIActivity.tsx | lib\ai\ai-prompts.ts | lib\services\pricing\PricingService.ts | prisma\migrations\20260809100000_restore_enterprise_schema\migration.sql | prisma\schema.prisma"
"16","Pricing Engine","Corporate Pricing","MISSING-NO-EVIDENCE","HIGH","0",""
"16","Pricing Engine","Validation","IMPLEMENTED-EVIDENCE","HIGH","11",".agents\skills\prisma-cli\SKILL.md | .agents\skills\prisma-driver-adapter-implementation\SKILL.md | .agents\skills\prisma-mongodb-upgrade\references\migrations-mapping.md | .agents\skills\prisma-postgres-setup\references\api-basics.md | .agents\skills\prisma-postgres-setup\SKILL.md | app\api\auth\reset-password\route.ts | app\api\bookings\create\route.ts | app\api\customers\route.ts | components\drivers\DriverForm.tsx | docs\DEPLOYMENT.md | lib\auth\password.ts"
"16","Pricing Engine","Automation","IMPLEMENTED-EVIDENCE","HIGH","31",".agents\skills\prisma-cli\references\migrate-reset.md | .agents\skills\prisma-compute\references\compute-config.md | .agents\skills\prisma-compute\references\frameworks.md | .agents\skills\prisma-compute\references\sdk-api.md | .agents\skills\prisma-compute\SKILL.md | .agents\skills\prisma-postgres\references\management-api.md | app\api\automation\route.ts | app\api\payments\verify\route.ts | app\api\payments\webhook\route.ts | app\automation\page.tsx | components\ai\AIOverview.tsx | components\ai\AIStats.tsx"
"16","Pricing Engine","AI","MISSING-NO-EVIDENCE","HIGH","0",""
"17","Wallet Engine","Customer Wallet","MISSING-NO-EVIDENCE","HIGH","0",""
"17","Wallet Engine","Vendor Wallet","IMPLEMENTED-EVIDENCE","HIGH","10","app\api\finance\wallet\route.ts | app\api\vendors\dashboard\route.ts | app\api\vendors\wallet\route.ts | lib\repositories\settlement.ts | lib\repositories\vendor.ts | lib\repositories\wallet.ts | lib\services\finance\FinanceService.ts | lib\services\penalty\PenaltyService.ts | prisma\migrations\20260809100000_restore_enterprise_schema\migration.sql | prisma\schema.prisma"
"17","Wallet Engine","RideGrid Wallet","MISSING-NO-EVIDENCE","HIGH","0",""
"17","Wallet Engine","Transactions","IMPLEMENTED-EVIDENCE","HIGH","31",".agents\skills\prisma-client-api\references\client-methods.md | .agents\skills\prisma-client-api\references\raw-queries.md | .agents\skills\prisma-client-api\references\transactions.md | .agents\skills\prisma-client-api\SKILL.md | .agents\skills\prisma-database-setup\references\mongodb.md | .agents\skills\prisma-driver-adapter-implementation\SKILL.md | .agents\skills\prisma-mongodb-upgrade\references\client-api-mapping.md | .agents\skills\prisma-mongodb-upgrade\references\decision-stay-or-migrate.md | .agents\skills\prisma-mongodb-upgrade\SKILL.md | app\api\finance\transactions\route.ts | app\api\payments\create-order\route.ts | app\api\vendors\wallet\route.ts"
"17","Wallet Engine","Wallet APIs","MISSING-NO-EVIDENCE","HIGH","0",""
"17","Wallet Engine","Automation","IMPLEMENTED-EVIDENCE","HIGH","31",".agents\skills\prisma-cli\references\migrate-reset.md | .agents\skills\prisma-compute\references\compute-config.md | .agents\skills\prisma-compute\references\frameworks.md | .agents\skills\prisma-compute\references\sdk-api.md | .agents\skills\prisma-compute\SKILL.md | .agents\skills\prisma-postgres\references\management-api.md | app\api\automation\route.ts | app\api\payments\verify\route.ts | app\api\payments\webhook\route.ts | app\automation\page.tsx | components\ai\AIOverview.tsx | components\ai\AIStats.tsx"
"18","Payment Gateway","UPI","MISSING-NO-EVIDENCE","HIGH","0",""
"18","Payment Gateway","Cards","IMPLEMENTED-EVIDENCE","HIGH","12","app\page.tsx | components\customers\CustomerStats.tsx | components\dashboard\BusinessOverview.tsx | components\dashboard\BusinessSummary.tsx | components\dashboard\ExecutiveOverview.tsx | components\dashboard\OperationsSection.tsx | components\dashboard\RevenueSection.tsx | components\drivers\DriverStats.tsx | components\settings\UserManagement.tsx | components\ui\index.ts | components\vehicles\VehicleStats.tsx | components\vendors\VendorStats.tsx"
"18","Payment Gateway","Net Banking","MISSING-NO-EVIDENCE","HIGH","0",""
"18","Payment Gateway","Corporate Credit","MISSING-NO-EVIDENCE","HIGH","0",""
"18","Payment Gateway","Payment APIs","MISSING-NO-EVIDENCE","HIGH","0",""
"18","Payment Gateway","Webhook Handling","MISSING-NO-EVIDENCE","HIGH","0",""
"19","Settlement Engine","Vendor Settlement","IMPLEMENTED-EVIDENCE","HIGH","15","app\api\finance\settlements\route.ts | app\api\vendors\dashboard\route.ts | app\api\vendors\settlements\route.ts | components\finance\FinanceHeader.tsx | components\finance\FinanceStats.tsx | components\finance\VendorPaymentCard.tsx | components\finance\WalletCard.tsx | components\settings\TaxGSTSettings.tsx | data\finance.ts | finance.ts | lib\repositories\settlement.ts | lib\repositories\vendor.ts"
"19","Settlement Engine","Driver Settlement","MISSING-NO-EVIDENCE","HIGH","0",""
"19","Settlement Engine","Ledger","IMPLEMENTED-EVIDENCE","HIGH","2","components\finance\WalletCard.tsx | lib\services\penalty\PenaltyService.ts"
"19","Settlement Engine","Payout APIs","MISSING-NO-EVIDENCE","HIGH","0",""
"19","Settlement Engine","Automation","IMPLEMENTED-EVIDENCE","HIGH","31",".agents\skills\prisma-cli\references\migrate-reset.md | .agents\skills\prisma-compute\references\compute-config.md | .agents\skills\prisma-compute\references\frameworks.md | .agents\skills\prisma-compute\references\sdk-api.md | .agents\skills\prisma-compute\SKILL.md | .agents\skills\prisma-postgres\references\management-api.md | app\api\automation\route.ts | app\api\payments\verify\route.ts | app\api\payments\webhook\route.ts | app\automation\page.tsx | components\ai\AIOverview.tsx | components\ai\AIStats.tsx"
"19","Settlement Engine","Reports","IMPLEMENTED-EVIDENCE","HIGH","56",".agents\skills\prisma-cli\references\db-execute.md | .agents\skills\prisma-cli\references\debug.md | .agents\skills\prisma-cli\references\migrate-status.md | .agents\skills\prisma-cli\references\validate.md | .agents\skills\prisma-compute\references\compute-config.md | app\api\corporate\route.ts | app\api\reports\route.ts | app\middleware.ts | app\page.tsx | app\reports\page.tsx | components\dashboard\Hero.tsx | components\navigation\navigation.ts"
"20","Invoice Engine","GST Invoice","MISSING-NO-EVIDENCE","HIGH","0",""
"20","Invoice Engine","Corporate Invoice","IMPLEMENTED-EVIDENCE","HIGH","3","lib\repositories\corporate.ts | prisma\migrations\20260809100000_restore_enterprise_schema\migration.sql | prisma\schema.prisma"
"20","Invoice Engine","Invoice APIs","MISSING-NO-EVIDENCE","HIGH","0",""
"20","Invoice Engine","PDF Generation","MISSING-NO-EVIDENCE","HIGH","0",""
"20","Invoice Engine","Email Delivery","MISSING-NO-EVIDENCE","HIGH","0",""
"21","Refund Engine","Refund Rules","MISSING-NO-EVIDENCE","HIGH",,"components\settings\CancellationPolicy.tsx"
"21","Refund Engine","Approval Workflow","MISSING-NO-EVIDENCE","HIGH",,"app\api\corporate\approvals\route.ts"
"21","Refund Engine","Refund APIs","MISSING-NO-EVIDENCE","HIGH","0",""
"21","Refund Engine","Payment Reconciliation","MISSING-NO-EVIDENCE","HIGH","0",""
"21","Refund Engine","Automation","IMPLEMENTED-EVIDENCE","HIGH","31",".agents\skills\prisma-cli\references\migrate-reset.md | .agents\skills\prisma-compute\references\compute-config.md | .agents\skills\prisma-compute\references\frameworks.md | .agents\skills\prisma-compute\references\sdk-api.md | .agents\skills\prisma-compute\SKILL.md | .agents\skills\prisma-postgres\references\management-api.md | app\api\automation\route.ts | app\api\payments\verify\route.ts | app\api\payments\webhook\route.ts | app\automation\page.tsx | components\ai\AIOverview.tsx | components\ai\AIStats.tsx"
"22","Penalty Engine","Vendor Penalties","MISSING-NO-EVIDENCE","HIGH","0",""
"22","Penalty Engine","Driver Penalties","IMPLEMENTED-EVIDENCE","HIGH","2","app\api\penalties\route.ts | lib\services\penalty\PenaltyService.ts"
"22","Penalty Engine","Wallet Deductions","MISSING-NO-EVIDENCE","HIGH","0",""
"22","Penalty Engine","Penalty APIs","MISSING-NO-EVIDENCE","HIGH","0",""
"22","Penalty Engine","Audit Logs","IMPLEMENTED-EVIDENCE","HIGH","5","app\api\security\audit\route.ts | components\security\SecurityAuditLog.tsx | components\security\SecurityOverview.tsx | components\security\SecurityStats.tsx | prisma\schema.prisma"
"22","Penalty Engine","Reports","IMPLEMENTED-EVIDENCE","HIGH","56",".agents\skills\prisma-cli\references\db-execute.md | .agents\skills\prisma-cli\references\debug.md | .agents\skills\prisma-cli\references\migrate-status.md | .agents\skills\prisma-cli\references\validate.md | .agents\skills\prisma-compute\references\compute-config.md | app\api\corporate\route.ts | app\api\reports\route.ts | app\middleware.ts | app\page.tsx | app\reports\page.tsx | components\dashboard\Hero.tsx | components\navigation\navigation.ts"
"23","Corporate Module","Purpose","NEEDS-LIVE-VERIFICATION","MEDIUM","2",".agents\skills\prisma-cli\SKILL.md | .agents\skills\prisma-mongodb-upgrade\references\migrations-mapping.md"
"23","Corporate Module","Corporate Prisma Models","MISSING-NO-EVIDENCE","HIGH","0",""
"23","Corporate Module","Corporate APIs","MISSING-NO-EVIDENCE","HIGH","0",""
"23","Corporate Module","Corporate Portal","MISSING-NO-EVIDENCE","HIGH","0",""
"23","Corporate Module","Corporate App","IMPLEMENTED-EVIDENCE","HIGH","6","app\api\corporate\approvals\route.ts | lib\repositories\corporate.ts | lib\repositories\corporate\CorporateApprovalRepository.ts | lib\services\corporate\CorporateApprovalService.ts | prisma\migrations\20260809100000_restore_enterprise_schema\migration.sql | prisma\schema.prisma"
"23","Corporate Module","Notifications","IMPLEMENTED-EVIDENCE","HIGH","36","app\api\driver\notifications\route.ts | app\api\notifications\route.ts | app\notifications\page.tsx | app\page.tsx | app\settings\page.tsx | components\automation\AutomationOverview.tsx | components\dashboard\SystemStatus.tsx | components\Header.tsx | components\navigation\navigation.ts | components\navigation\navigation-data.ts | components\navigation\navigation-icons.ts | components\notifications\DeliveryStatus.tsx"
"23","Corporate Module","Automation","IMPLEMENTED-EVIDENCE","HIGH","31",".agents\skills\prisma-cli\references\migrate-reset.md | .agents\skills\prisma-compute\references\compute-config.md | .agents\skills\prisma-compute\references\frameworks.md | .agents\skills\prisma-compute\references\sdk-api.md | .agents\skills\prisma-compute\SKILL.md | .agents\skills\prisma-postgres\references\management-api.md | app\api\automation\route.ts | app\api\payments\verify\route.ts | app\api\payments\webhook\route.ts | app\automation\page.tsx | components\ai\AIOverview.tsx | components\ai\AIStats.tsx"
"23","Corporate Module","AI","MISSING-NO-EVIDENCE","HIGH","0",""
"24","Company Structure","Company","IMPLEMENTED-EVIDENCE","HIGH","34","app\api\bookings\create\route.ts | app\api\corporate\route.ts | app\api\crm\leads\route.ts | app\api\vehicles\route.ts | app\api\vendors\route.ts | app\api\vendors\smart-return\route.ts | app\corporate\page.tsx | app\marketplace\booking\confirmation\BookingConfirmationClient.tsx | app\marketplace\booking\MarketplaceBookingClient.tsx | app\marketplace\page.tsx | app\marketplace\results\MarketplaceResultsClient.tsx | app\pricing\page.tsx"
"24","Company Structure","Branches","IMPLEMENTED-EVIDENCE","HIGH","8",".agents\skills\prisma-compute\references\app-deploy-cli.md | .agents\skills\prisma-compute\SKILL.md | .agents\skills\prisma-postgres\references\management-api.md | .github\workflows\ci.yml | app\api\corporate\route.ts | lib\repositories\corporate.ts | lib\services\corporate\CorporateService.ts | prisma\schema.prisma"
"24","Company Structure","Departments","IMPLEMENTED-EVIDENCE","HIGH","4","app\api\corporate\route.ts | lib\repositories\corporate.ts | lib\services\corporate\CorporateService.ts | prisma\schema.prisma"
"24","Company Structure","Projects","NEEDS-LIVE-VERIFICATION","MEDIUM","21",".agents\skills\prisma-cli\references\dev.md | .agents\skills\prisma-client-api\SKILL.md | .agents\skills\prisma-compute\references\app-deploy-cli.md | .agents\skills\prisma-compute\references\create-prisma.md | .agents\skills\prisma-compute\references\troubleshooting.md | .agents\skills\prisma-database-setup\references\mongodb.md | .agents\skills\prisma-database-setup\SKILL.md | .agents\skills\prisma-mongodb-upgrade\references\decision-stay-or-migrate.md | .agents\skills\prisma-mongodb-upgrade\references\migrations-mapping.md | .agents\skills\prisma-mongodb-upgrade\SKILL.md | .agents\skills\prisma-postgres\references\management-api.md | .agents\skills\prisma-postgres-setup\references\api-basics.md"
"24","Company Structure","Hierarchy","MISSING-NO-EVIDENCE","HIGH",,"lib\security\roles.ts"
"24","Company Structure","Access Rules","MISSING-NO-EVIDENCE","HIGH","0",""
"25","Employee Module","Employee Models","MISSING-NO-EVIDENCE","HIGH","0",""
"25","Employee Module","Employee APIs","MISSING-NO-EVIDENCE","HIGH","0",""
"25","Employee Module","Profiles","MISSING-NO-EVIDENCE","HIGH","0",""
"25","Employee Module","Travel History","MISSING-NO-EVIDENCE","HIGH","0",""
"25","Employee Module","Wallet","IMPLEMENTED-EVIDENCE","HIGH","39","app\api\corporate\route.ts | app\api\drivers\route.ts | app\api\finance\wallet\route.ts | app\api\vendors\dashboard\route.ts | app\api\vendors\profile\route.ts | app\api\vendors\settlements\route.ts | app\api\vendors\wallet\route.ts | app\finance\page.tsx | app\page.tsx | components\bookings\BookingStats.tsx | components\bookings\fare\FareSummaryCard.tsx | components\bookings\PaymentBadge.tsx"
"25","Employee Module","Permissions","IMPLEMENTED-EVIDENCE","HIGH","17",".agents\skills\prisma-compute\references\troubleshooting.md | app\api\security\permissions\route.ts | app\middleware.ts | app\settings\page.tsx | components\common\PermissionGate.tsx | components\navigation\navigation.ts | components\security\SecurityOverview.tsx | components\settings\RolePermissions.tsx | docs\API_CATALOGUE.md | hooks\usePermission.ts | lib\permissions.ts | lib\rbac.ts"
"26","Travel Policy Engine","Policy Models","MISSING-NO-EVIDENCE","HIGH","0",""
"26","Travel Policy Engine","Approval Rules","IMPLEMENTED-EVIDENCE","HIGH","4","app\api\corporate\route.ts | lib\repositories\corporate.ts | lib\services\corporate\CorporateService.ts | prisma\schema.prisma"
"26","Travel Policy Engine","Travel Limits","MISSING-NO-EVIDENCE","HIGH","0",""
"26","Travel Policy Engine","Category Restrictions","MISSING-NO-EVIDENCE","HIGH","0",""
"26","Travel Policy Engine","Policy APIs","MISSING-NO-EVIDENCE","HIGH","0",""
"27","Approval Workflow","Multi-level Approval","MISSING-NO-EVIDENCE","HIGH","0",""
"27","Approval Workflow","Manager","IMPLEMENTED-EVIDENCE","HIGH","21",".agents\skills\prisma-compute\SKILL.md | .agents\skills\prisma-database-setup\references\sqlserver.md | .agents\skills\prisma-postgres-setup\references\auth.md | .agents\skills\prisma-postgres-setup\SKILL.md | app\api\corporate\route.ts | app\api\security\sessions\route.ts | app\corporate\page.tsx | app\notifications\page.tsx | app\support\page.tsx | components\notifications\TemplateManager.tsx | components\settings\ActivityLogs.tsx | components\settings\UserManagement.tsx"
"27","Approval Workflow","Finance","IMPLEMENTED-EVIDENCE","HIGH","63","app\api\analytics\route.ts | app\api\finance\overview\route.ts | app\api\finance\settlements\route.ts | app\api\finance\transactions\route.ts | app\api\finance\wallet\route.ts | app\api\payments\create-order\route.ts | app\api\reports\route.ts | app\api\vendors\settlements\route.ts | app\api\vendors\wallet\route.ts | app\corporate\page.tsx | app\finance\page.tsx | app\middleware.ts"
"27","Approval Workflow","Travel Desk","MISSING-NO-EVIDENCE","HIGH","0",""
"27","Approval Workflow","Escalation","IMPLEMENTED-EVIDENCE","HIGH","5","app\support\page.tsx | components\support\EscalationQueue.tsx | components\support\SLAStatus.tsx | prisma\migrations\20260809100000_restore_enterprise_schema\migration.sql | prisma\schema.prisma"
"27","Approval Workflow","Audit Trail","MISSING-NO-EVIDENCE","HIGH","0",""
"28","Budget Management","Annual Budget","MISSING-NO-EVIDENCE","HIGH","0",""
"28","Budget Management","Department Budget","MISSING-NO-EVIDENCE","HIGH","0",""
"28","Budget Management","Project Budget","MISSING-NO-EVIDENCE","HIGH","0",""
"28","Budget Management","Budget APIs","MISSING-NO-EVIDENCE","HIGH","0",""
"28","Budget Management","Alerts","IMPLEMENTED-EVIDENCE","HIGH","11","app\page.tsx | app\security\page.tsx | components\dashboard\BusinessSummary.tsx | components\security\SecurityAlerts.tsx | components\support\SupportSettings.tsx | components\ui\widgets\AlertCenter.tsx | lib\monitoring\alerts.ts | lib\monitoring\error-monitor.ts | lib\monitoring\index.ts | lib\services\budget\BudgetService.ts | prisma\schema.prisma"
"28","Budget Management","Reports","IMPLEMENTED-EVIDENCE","HIGH","56",".agents\skills\prisma-cli\references\db-execute.md | .agents\skills\prisma-cli\references\debug.md | .agents\skills\prisma-cli\references\migrate-status.md | .agents\skills\prisma-cli\references\validate.md | .agents\skills\prisma-compute\references\compute-config.md | app\api\corporate\route.ts | app\api\reports\route.ts | app\middleware.ts | app\page.tsx | app\reports\page.tsx | components\dashboard\Hero.tsx | components\navigation\navigation.ts"
"29","Cost Center Management","Cost Centers","IMPLEMENTED-EVIDENCE","HIGH","4","app\api\corporate\route.ts | lib\repositories\corporate.ts | lib\services\corporate\CorporateService.ts | prisma\schema.prisma"
"29","Cost Center Management","Expense Allocation","MISSING-NO-EVIDENCE","HIGH","0",""
"29","Cost Center Management","Billing Mapping","MISSING-NO-EVIDENCE","HIGH","0",""
"29","Cost Center Management","Reports","IMPLEMENTED-EVIDENCE","HIGH","56",".agents\skills\prisma-cli\references\db-execute.md | .agents\skills\prisma-cli\references\debug.md | .agents\skills\prisma-cli\references\migrate-status.md | .agents\skills\prisma-cli\references\validate.md | .agents\skills\prisma-compute\references\compute-config.md | app\api\corporate\route.ts | app\api\reports\route.ts | app\middleware.ts | app\page.tsx | app\reports\page.tsx | components\dashboard\Hero.tsx | components\navigation\navigation.ts"
"29","Cost Center Management","Automation","IMPLEMENTED-EVIDENCE","HIGH","31",".agents\skills\prisma-cli\references\migrate-reset.md | .agents\skills\prisma-compute\references\compute-config.md | .agents\skills\prisma-compute\references\frameworks.md | .agents\skills\prisma-compute\references\sdk-api.md | .agents\skills\prisma-compute\SKILL.md | .agents\skills\prisma-postgres\references\management-api.md | app\api\automation\route.ts | app\api\payments\verify\route.ts | app\api\payments\webhook\route.ts | app\automation\page.tsx | components\ai\AIOverview.tsx | components\ai\AIStats.tsx"
"30","Corporate Digital Twin","Travel Analytics","MISSING-NO-EVIDENCE","HIGH","0",""
"30","Corporate Digital Twin","Spend Analytics","MISSING-NO-EVIDENCE","HIGH","0",""
"30","Corporate Digital Twin","Policy Compliance","MISSING-NO-EVIDENCE","HIGH","0",""
"30","Corporate Digital Twin","Predictions","IMPLEMENTED-EVIDENCE","HIGH","5","app\api\ai\route.ts | lib\ai\AIRepository.ts | lib\ai\AIService.ts | lib\services\analytics\AnalyticsService.ts | prisma\schema.prisma"
"30","Corporate Digital Twin","Executive Dashboard","MISSING-NO-EVIDENCE","HIGH",,"lib\ai\ai-prompts.ts"
"30","Corporate Digital Twin","AI","MISSING-NO-EVIDENCE","HIGH","0",""
"31","Lead Management","Lead Models","MISSING-NO-EVIDENCE","HIGH","0",""
"31","Lead Management","Lead APIs","MISSING-NO-EVIDENCE","HIGH","0",""
"31","Lead Management","Lead Sources","MISSING-NO-EVIDENCE","HIGH","0",""
"31","Lead Management","Assignment Rules","MISSING-NO-EVIDENCE","HIGH","0",""
"31","Lead Management","Pipeline","NEEDS-LIVE-VERIFICATION","MEDIUM","9",".agents\skills\prisma-cli\references\format.md | .agents\skills\prisma-cli\references\generate.md | .agents\skills\prisma-cli\references\migrate-deploy.md | .agents\skills\prisma-cli\references\migrate-dev.md | .agents\skills\prisma-cli\references\validate.md | .agents\skills\prisma-mongodb-upgrade\references\client-api-mapping.md | .agents\skills\prisma-mongodb-upgrade\references\decision-stay-or-migrate.md | .agents\skills\prisma-mongodb-upgrade\references\verify-cutover-checklist.md | app\api\crm\pipeline\route.ts"
"31","Lead Management","Automation","IMPLEMENTED-EVIDENCE","HIGH","31",".agents\skills\prisma-cli\references\migrate-reset.md | .agents\skills\prisma-compute\references\compute-config.md | .agents\skills\prisma-compute\references\frameworks.md | .agents\skills\prisma-compute\references\sdk-api.md | .agents\skills\prisma-compute\SKILL.md | .agents\skills\prisma-postgres\references\management-api.md | app\api\automation\route.ts | app\api\payments\verify\route.ts | app\api\payments\webhook\route.ts | app\automation\page.tsx | components\ai\AIOverview.tsx | components\ai\AIStats.tsx"
"32","Account Management","Corporate Accounts","NEEDS-LIVE-VERIFICATION","MEDIUM","3","app\corporate\page.tsx | app\page.tsx | components\dashboard\BusinessOverview.tsx"
"32","Account Management","Customer Accounts","MISSING-NO-EVIDENCE","HIGH","0",""
"32","Account Management","Vendor Accounts","MISSING-NO-EVIDENCE","HIGH",,"components\support\VendorSupport.tsx"
"32","Account Management","Account APIs","MISSING-NO-EVIDENCE","HIGH","0",""
"32","Account Management","Hierarchy","MISSING-NO-EVIDENCE","HIGH",,"lib\security\roles.ts"
"33","Opportunity Management","Opportunity Models","MISSING-NO-EVIDENCE","HIGH","0",""
"33","Opportunity Management","Sales Pipeline","MISSING-NO-EVIDENCE","HIGH","0",""
"33","Opportunity Management","Quotation","MISSING-NO-EVIDENCE","HIGH","0",""
"33","Opportunity Management","Follow-up","NEEDS-LIVE-VERIFICATION","MEDIUM","4",".agents\skills\prisma-cli\references\db-push.md | .agents\skills\prisma-cli\references\migrate-dev.md | .agents\skills\prisma-cli\references\migrate-reset.md | .agents\skills\prisma-compute\SKILL.md"
"33","Opportunity Management","Opportunity APIs","MISSING-NO-EVIDENCE","HIGH","0",""
"34","Task & Activity Management","Tasks","IMPLEMENTED-EVIDENCE","HIGH","7",".agents\skills\prisma-cli\references\db-execute.md | .agents\skills\prisma-postgres\references\console-and-connections.md | .agents\skills\prisma-postgres-setup\SKILL.md | app\api\crm\leads\route.ts | app\api\crm\tasks\route.ts | prisma\migrations\20260809100000_restore_enterprise_schema\migration.sql | prisma\schema.prisma"
"34","Task & Activity Management","Activities","IMPLEMENTED-EVIDENCE","HIGH","10","app\api\crm\activities\route.ts | app\api\crm\leads\route.ts | components\ai\AIActivity.tsx | components\automation\AutomationActivity.tsx | components\finance\RecentTransactions.tsx | components\notifications\RecentActivity.tsx | components\settings\ActivityLogs.tsx | components\settings\SystemLogs.tsx | components\support\RecentSupportActivity.tsx | prisma\schema.prisma"
"34","Task & Activity Management","Calendar","IMPLEMENTED-EVIDENCE","HIGH","9","app\page.tsx | components\bookings\BookingHeader.tsx | components\bookings\BookingInfoCard.tsx | components\bookings\BookingRow.tsx | components\bookings\BookingStats.tsx | components\dashboard\ExecutiveOverview.tsx | components\navigation\navigation.ts | components\navigation\navigation-icons.ts | components\ui\widgets\QuickCommand.tsx"
"34","Task & Activity Management","Reminders","MISSING-NO-EVIDENCE","HIGH","0",""
"34","Task & Activity Management","Assignment","IMPLEMENTED-EVIDENCE","HIGH","15","app\api\bookings\assign-driver\route.ts | app\api\drivers\route.ts | app\marketplace\booking\confirmation\BookingConfirmationClient.tsx | components\automation\AutomationRuleTable.tsx | components\bookings\sections\VehicleSection.tsx | components\bookings\TripInfoCard.tsx | components\bookings\VehicleAssignmentCard.tsx | components\drivers\DriverForm.tsx | components\settings\BookingSettings.tsx | components\support\SupportSettings.tsx | components\vehicles\VehicleForm.tsx | components\vehicles\VehicleOwnerCard.tsx"
"34","Task & Activity Management","Automation","IMPLEMENTED-EVIDENCE","HIGH","31",".agents\skills\prisma-cli\references\migrate-reset.md | .agents\skills\prisma-compute\references\compute-config.md | .agents\skills\prisma-compute\references\frameworks.md | .agents\skills\prisma-compute\references\sdk-api.md | .agents\skills\prisma-compute\SKILL.md | .agents\skills\prisma-postgres\references\management-api.md | app\api\automation\route.ts | app\api\payments\verify\route.ts | app\api\payments\webhook\route.ts | app\automation\page.tsx | components\ai\AIOverview.tsx | components\ai\AIStats.tsx"
"35","Reports","Operational Reports","MISSING-NO-EVIDENCE","HIGH","0",""
"35","Reports","Financial Reports","MISSING-NO-EVIDENCE","HIGH","0",""
"35","Reports","Corporate Reports","IMPLEMENTED-EVIDENCE","HIGH","2","lib\repositories\reports.ts | lib\services\reports\ReportsService.ts"
"35","Reports","Export APIs","MISSING-NO-EVIDENCE","HIGH","0",""
"35","Reports","Scheduling","MISSING-NO-EVIDENCE","HIGH","0",""
"36","Business Intelligence","Executive Dashboards","MISSING-NO-EVIDENCE","HIGH","0",""
"36","Business Intelligence","KPIs","MISSING-NO-EVIDENCE","HIGH","0",""
"36","Business Intelligence","Charts","IMPLEMENTED-EVIDENCE","HIGH","12","app\page.tsx | app\reports\page.tsx | components\dashboard\OperationsSection.tsx | components\dashboard\RevenueSection.tsx | components\reports\ReportCharts.tsx | components\ui\charts\BookingChart.tsx | components\ui\charts\FinanceChart.tsx | components\ui\charts\FleetChart.tsx | components\ui\charts\RevenueChart.tsx | components\ui\index.ts | package.json | package-lock.json"
"36","Business Intelligence","Trend Analysis","MISSING-NO-EVIDENCE","HIGH","0",""
"36","Business Intelligence","Data Warehouse","MISSING-NO-EVIDENCE","HIGH","0",""
"36","Business Intelligence","AI Insights","MISSING-NO-EVIDENCE","HIGH",,"components\ai\AIInsightCard.tsx"
"37","Analytics","Marketplace Analytics","IMPLEMENTED-EVIDENCE","HIGH","3","app\api\analytics\route.ts | lib\repositories\analytics.ts | lib\services\analytics\AnalyticsService.ts"
"37","Analytics","Customer Analytics","NEEDS-LIVE-VERIFICATION","MEDIUM","4","app\analytics\page.tsx | components\analytics\CustomerAnalytics.tsx | data\analytics.ts | data\sidebar.ts"
"37","Analytics","Vendor Analytics","IMPLEMENTED-EVIDENCE","HIGH","7","app\analytics\page.tsx | components\analytics\VendorAnalytics.tsx | data\analytics.ts | lib\repositories\analytics.ts | lib\services\analytics\AnalyticsService.ts | prisma\migrations\20260809100000_restore_enterprise_schema\migration.sql | prisma\schema.prisma"
"37","Analytics","Driver Analytics","IMPLEMENTED-EVIDENCE","HIGH","8","app\analytics\page.tsx | components\analytics\DriverAnalytics.tsx | data\analytics.ts | data\sidebar.ts | lib\repositories\analytics.ts | lib\services\analytics\AnalyticsService.ts | prisma\migrations\20260809100000_restore_enterprise_schema\migration.sql | prisma\schema.prisma"
"37","Analytics","Corporate Analytics","IMPLEMENTED-EVIDENCE","HIGH","3","app\api\analytics\route.ts | lib\repositories\analytics.ts | lib\services\analytics\AnalyticsService.ts"
"37","Analytics","Predictive Analytics","MISSING-NO-EVIDENCE","HIGH","0",""
"38","Security","Security Models","MISSING-NO-EVIDENCE","HIGH","0",""
"38","Security","RBAC","IMPLEMENTED-EVIDENCE","HIGH","3","components\security\SecurityAuditLog.tsx | components\security\SecurityOverview.tsx | lib\rbac.ts"
"38","Security","JWT","MISSING-NO-EVIDENCE","HIGH","0",""
"38","Security","MFA","MISSING-NO-EVIDENCE","HIGH","0",""
"38","Security","Encryption","NEEDS-LIVE-VERIFICATION","MEDIUM","3","lib\security\auth.ts | lib\security\encryption.ts | tests\unit\security.test.ts"
"38","Security","Security APIs","MISSING-NO-EVIDENCE","HIGH","0",""
"39","Compliance","KYC","MISSING-NO-EVIDENCE","HIGH","0",""
"39","Compliance","GST","MISSING-NO-EVIDENCE","HIGH","0",""
"39","Compliance","Document Validation","MISSING-NO-EVIDENCE","HIGH","0",""
"39","Compliance","Policy Compliance","MISSING-NO-EVIDENCE","HIGH","0",""
"39","Compliance","Compliance APIs","MISSING-NO-EVIDENCE","HIGH","0",""
"40","Audit Logs","Audit Models","MISSING-NO-EVIDENCE","HIGH","0",""
"40","Audit Logs","Activity Timeline","MISSING-NO-EVIDENCE","HIGH","0",""
"40","Audit Logs","System Logs","NEEDS-LIVE-VERIFICATION","MEDIUM","3","app\settings\page.tsx | components\settings\SystemLogs.tsx | data\settings.ts"
"40","Audit Logs","Audit APIs","MISSING-NO-EVIDENCE","HIGH","0",""
"40","Audit Logs","Retention Policy","MISSING-NO-EVIDENCE","HIGH","0",""
"41","Support Ticket System","Ticket Models","MISSING-NO-EVIDENCE","HIGH","0",""
"41","Support Ticket System","Ticket APIs","MISSING-NO-EVIDENCE","HIGH","0",""
"41","Support Ticket System","Assignment","IMPLEMENTED-EVIDENCE","HIGH","15","app\api\bookings\assign-driver\route.ts | app\api\drivers\route.ts | app\marketplace\booking\confirmation\BookingConfirmationClient.tsx | components\automation\AutomationRuleTable.tsx | components\bookings\sections\VehicleSection.tsx | components\bookings\TripInfoCard.tsx | components\bookings\VehicleAssignmentCard.tsx | components\drivers\DriverForm.tsx | components\settings\BookingSettings.tsx | components\support\SupportSettings.tsx | components\vehicles\VehicleForm.tsx | components\vehicles\VehicleOwnerCard.tsx"
"41","Support Ticket System","Escalation","IMPLEMENTED-EVIDENCE","HIGH","5","app\support\page.tsx | components\support\EscalationQueue.tsx | components\support\SLAStatus.tsx | prisma\migrations\20260809100000_restore_enterprise_schema\migration.sql | prisma\schema.prisma"
"41","Support Ticket System","SLA","MISSING-NO-EVIDENCE","HIGH","0",""
"42","Document Management","Document Models","MISSING-NO-EVIDENCE","HIGH","0",""
"42","Document Management","Upload","IMPLEMENTED-EVIDENCE","HIGH","10",".agents\skills\prisma-compute\references\sdk-api.md | app\api\documents\route.ts | components\drivers\DriverDocumentCard.tsx | components\drivers\DriverForm.tsx | components\settings\BackupRestore.tsx | components\vehicles\VehicleDocumentCard.tsx | components\vendors\VendorDocumentCard.tsx | components\vendors\VendorForm.tsx | prisma\migrations\20260809100000_restore_enterprise_schema\migration.sql | prisma\schema.prisma"
"42","Document Management","Verification","IMPLEMENTED-EVIDENCE","HIGH","19",".agents\skills\prisma-cli\references\migrate-dev.md | .agents\skills\prisma-compute\SKILL.md | .agents\skills\prisma-database-setup\references\mongodb.md | .agents\skills\prisma-driver-adapter-implementation\SKILL.md | .agents\skills\prisma-mongodb-upgrade\references\migrations-mapping.md | .agents\skills\prisma-mongodb-upgrade\references\schema-contract-mapping.md | .agents\skills\prisma-mongodb-upgrade\references\verify-cutover-checklist.md | .agents\skills\prisma-mongodb-upgrade\SKILL.md | .agents\skills\prisma-postgres-setup\SKILL.md | .agents\skills\prisma-upgrade-v7\references\removed-features.md | app\api\payments\verify\route.ts | components\ai\AIInsightCard.tsx"
"42","Document Management","Expiry Tracking","MISSING-NO-EVIDENCE","HIGH","0",""
"42","Document Management","Storage","IMPLEMENTED-EVIDENCE","HIGH","12",".agents\skills\prisma-compute\references\app-deploy-cli.md | .agents\skills\prisma-compute\references\troubleshooting.md | .agents\skills\prisma-compute\SKILL.md | .agents\skills\prisma-mongodb-upgrade\references\client-api-mapping.md | .agents\skills\prisma-mongodb-upgrade\references\migrations-mapping.md | .agents\skills\prisma-mongodb-upgrade\references\schema-contract-mapping.md | .agents\skills\prisma-mongodb-upgrade\references\verify-cutover-checklist.md | .agents\skills\prisma-postgres\references\management-api-sdk.md | .agents\skills\prisma-postgres\SKILL.md | app\api\documents\route.ts | lib\auth.ts | prisma\schema.prisma"
"43","File Management","Media Library","MISSING-NO-EVIDENCE","HIGH","0",""
"43","File Management","Images","MISSING-NO-EVIDENCE","HIGH",,"app\layout.tsx"
"43","File Management","Documents","IMPLEMENTED-EVIDENCE","HIGH","27",".agents\skills\prisma-cli\references\db-pull.md | .agents\skills\prisma-mongodb-upgrade\references\schema-contract-mapping.md | .agents\skills\prisma-mongodb-upgrade\references\verify-cutover-checklist.md | app\api\documents\route.ts | app\api\driver\documents\route.ts | app\api\driver\profile\route.ts | app\api\vendors\profile\route.ts | app\api\vendors\vehicles\route.ts | components\drivers\DriverDocumentCard.tsx | components\drivers\DriverForm.tsx | components\drivers\DriverHeader.tsx | components\navigation\navigation-icons.ts"
"43","File Management","CDN","MISSING-NO-EVIDENCE","HIGH","0",""
"43","File Management","Storage APIs","MISSING-NO-EVIDENCE","HIGH","0",""
"44","Settings & Configuration","Platform Settings","MISSING-NO-EVIDENCE","HIGH",,"components\settings\SettingsHeader.tsx"
"44","Settings & Configuration","Business Rules","NEEDS-LIVE-VERIFICATION","MEDIUM","2","components\settings\SettingsHeader.tsx | lib\ai\providers\AIProviderAdapter.ts"
"44","Settings & Configuration","Master Data","MISSING-NO-EVIDENCE","HIGH","0",""
"44","Settings & Configuration","Feature Flags","IMPLEMENTED-EVIDENCE","HIGH","2","prisma\migrations\20260809100000_restore_enterprise_schema\migration.sql | prisma\schema.prisma"
"44","Settings & Configuration","Configuration APIs","MISSING-NO-EVIDENCE","HIGH","0",""
"45","Monitoring & Logging","Application Monitoring","MISSING-NO-EVIDENCE","HIGH","0",""
"45","Monitoring & Logging","Infrastructure Monitoring","MISSING-NO-EVIDENCE","HIGH","0",""
"45","Monitoring & Logging","Error Logs","MISSING-NO-EVIDENCE","HIGH","0",""
"45","Monitoring & Logging","Alerts","IMPLEMENTED-EVIDENCE","HIGH","11","app\page.tsx | app\security\page.tsx | components\dashboard\BusinessSummary.tsx | components\security\SecurityAlerts.tsx | components\support\SupportSettings.tsx | components\ui\widgets\AlertCenter.tsx | lib\monitoring\alerts.ts | lib\monitoring\error-monitor.ts | lib\monitoring\index.ts | lib\services\budget\BudgetService.ts | prisma\schema.prisma"
"45","Monitoring & Logging","Health Checks","NEEDS-LIVE-VERIFICATION","MEDIUM","2",".agents\skills\prisma-client-api\references\client-methods.md | .agents\skills\prisma-compute\references\troubleshooting.md"
"46","Admin Dashboard","Dashboard Models","MISSING-NO-EVIDENCE","HIGH","0",""
"46","Admin Dashboard","Admin APIs","MISSING-NO-EVIDENCE","HIGH","0",""
"46","Admin Dashboard","Widgets","IMPLEMENTED-EVIDENCE","HIGH","4","app\page.tsx | components\dashboard\OperationsSection.tsx | components\dashboard\RevenueSection.tsx | components\ui\index.ts"
"46","Admin Dashboard","Operations","IMPLEMENTED-EVIDENCE","HIGH","43",".agents\skills\prisma-cli\SKILL.md | .agents\skills\prisma-client-api\references\model-queries.md | .agents\skills\prisma-client-api\references\raw-queries.md | .agents\skills\prisma-client-api\references\transactions.md | .agents\skills\prisma-client-api\SKILL.md | .agents\skills\prisma-compute\references\app-deploy-cli.md | .agents\skills\prisma-compute\SKILL.md | .agents\skills\prisma-database-setup\references\sqlite.md | .agents\skills\prisma-driver-adapter-implementation\SKILL.md | .agents\skills\prisma-mongodb-upgrade\references\migrations-mapping.md | .agents\skills\prisma-postgres\references\management-api.md | .agents\skills\prisma-postgres\SKILL.md"
"46","Admin Dashboard","Role Permissions","IMPLEMENTED-EVIDENCE","HIGH","5","app\api\security\permissions\route.ts | app\settings\page.tsx | components\settings\RolePermissions.tsx | lib\permissions.ts | lib\security\permissions.ts"
"47","Customer Website","Public Pages","EXCLUDED-CURRENT-PHASE","N/A","0",""
"47","Customer Website","Search","EXCLUDED-CURRENT-PHASE","N/A","91",".agents\skills\prisma-cli\references\init.md | .agents\skills\prisma-cli\references\studio.md | .agents\skills\prisma-client-api\references\filters.md | .agents\skills\prisma-client-api\references\raw-queries.md | .agents\skills\prisma-compute\references\compute-config.md | .agents\skills\prisma-mongodb-upgrade\references\decision-stay-or-migrate.md | .agents\skills\prisma-upgrade-v7\references\schema-changes.md | app\(auth)\reset-password\page.tsx | app\api\ai\route.ts | app\api\analytics\route.ts | app\api\automation\route.ts | app\api\bookings\history\route.ts"
"47","Customer Website","Bookings","EXCLUDED-CURRENT-PHASE","N/A","87","app\api\bookings\assign-driver\route.ts | app\api\bookings\cancel\route.ts | app\api\bookings\create\route.ts | app\api\bookings\history\route.ts | app\api\bookings\route.ts | app\api\bookings\status\route.ts | app\api\customers\bookings\route.ts | app\api\customers\profile\route.ts | app\api\customers\route.ts | app\api\driver\dashboard\route.ts | app\api\driver\earnings\route.ts | app\api\driver\today\route.ts"
"47","Customer Website","Profile","EXCLUDED-CURRENT-PHASE","N/A","20",".agents\skills\prisma-client-api\references\filters.md | .agents\skills\prisma-client-api\references\query-options.md | .agents\skills\prisma-client-api\references\relations.md | .agents\skills\prisma-client-api\references\transactions.md | app\api\bookings\create\route.ts | app\api\driver\profile\route.ts | app\api\vendors\profile\route.ts | app\marketplace\booking\MarketplaceBookingClient.tsx | components\customers\CustomerDetailsDrawer.tsx | components\drivers\DriverDocumentCard.tsx | components\drivers\DriverInfoCard.tsx | components\Header.tsx"
"47","Customer Website","Payments","EXCLUDED-CURRENT-PHASE","N/A","33","app\api\finance\transactions\route.ts | app\api\payments\create-order\route.ts | app\api\payments\verify\route.ts | app\api\payments\webhook\route.ts | app\finance\page.tsx | app\page.tsx | components\bookings\BookingFilters.tsx | components\bookings\BookingForm.tsx | components\bookings\BookingHeader.tsx | components\bookings\sections\PaymentSection.tsx | components\dashboard\SystemStatus.tsx | components\drivers\DriverPaymentCard.tsx"
"47","Customer Website","SEO","EXCLUDED-CURRENT-PHASE","N/A","0",""
"48","Customer App","Authentication","EXCLUDED-CURRENT-PHASE","N/A","15",".agents\skills\prisma-cli\references\db-pull.md | .agents\skills\prisma-cli\references\init.md | .agents\skills\prisma-database-setup\references\postgresql.md | .agents\skills\prisma-database-setup\references\sqlserver.md | .agents\skills\prisma-postgres\references\management-api.md | .agents\skills\prisma-postgres-setup\references\api-basics.md | .agents\skills\prisma-postgres-setup\references\auth.md | .agents\skills\prisma-postgres-setup\SKILL.md | app\api\bookings\create\route.ts | app\middleware.ts | components\navigation\navigation-icons.ts | components\security\SecurityAuditLog.tsx"
"48","Customer App","Search","EXCLUDED-CURRENT-PHASE","N/A","91",".agents\skills\prisma-cli\references\init.md | .agents\skills\prisma-cli\references\studio.md | .agents\skills\prisma-client-api\references\filters.md | .agents\skills\prisma-client-api\references\raw-queries.md | .agents\skills\prisma-compute\references\compute-config.md | .agents\skills\prisma-mongodb-upgrade\references\decision-stay-or-migrate.md | .agents\skills\prisma-upgrade-v7\references\schema-changes.md | app\(auth)\reset-password\page.tsx | app\api\ai\route.ts | app\api\analytics\route.ts | app\api\automation\route.ts | app\api\bookings\history\route.ts"
"48","Customer App","Bookings","EXCLUDED-CURRENT-PHASE","N/A","87","app\api\bookings\assign-driver\route.ts | app\api\bookings\cancel\route.ts | app\api\bookings\create\route.ts | app\api\bookings\history\route.ts | app\api\bookings\route.ts | app\api\bookings\status\route.ts | app\api\customers\bookings\route.ts | app\api\customers\profile\route.ts | app\api\customers\route.ts | app\api\driver\dashboard\route.ts | app\api\driver\earnings\route.ts | app\api\driver\today\route.ts"
"48","Customer App","Wallet","EXCLUDED-CURRENT-PHASE","N/A","39","app\api\corporate\route.ts | app\api\drivers\route.ts | app\api\finance\wallet\route.ts | app\api\vendors\dashboard\route.ts | app\api\vendors\profile\route.ts | app\api\vendors\settlements\route.ts | app\api\vendors\wallet\route.ts | app\finance\page.tsx | app\page.tsx | components\bookings\BookingStats.tsx | components\bookings\fare\FareSummaryCard.tsx | components\bookings\PaymentBadge.tsx"
"48","Customer App","Notifications","EXCLUDED-CURRENT-PHASE","N/A","36","app\api\driver\notifications\route.ts | app\api\notifications\route.ts | app\notifications\page.tsx | app\page.tsx | app\settings\page.tsx | components\automation\AutomationOverview.tsx | components\dashboard\SystemStatus.tsx | components\Header.tsx | components\navigation\navigation.ts | components\navigation\navigation-data.ts | components\navigation\navigation-icons.ts | components\notifications\DeliveryStatus.tsx"
"48","Customer App","Offline Cache","EXCLUDED-CURRENT-PHASE","N/A","0",""
"49","Vendor Portal & Vendor App","Fleet","EXCLUDED-CURRENT-PHASE","N/A","21","app\page.tsx | components\analytics\AnalyticsStats.tsx | components\analytics\VehicleAnalytics.tsx | components\dashboard\ExecutiveOverview.tsx | components\dashboard\Hero.tsx | components\dashboard\OperationsSection.tsx | components\reports\VehicleReportCard.tsx | components\ui\charts\FleetChart.tsx | components\ui\charts\index.ts | components\ui\widgets\AIInsight.tsx | components\ui\widgets\FleetHealth.tsx | components\ui\widgets\index.ts"
"49","Vendor Portal & Vendor App","Drivers","EXCLUDED-CURRENT-PHASE","N/A","67",".agents\skills\prisma-driver-adapter-implementation\SKILL.md | .agents\skills\prisma-postgres\references\console-and-connections.md | .agents\skills\prisma-upgrade-v7\references\driver-adapters.md | .agents\skills\prisma-upgrade-v7\SKILL.md | app\api\driver\dashboard\route.ts | app\api\drivers\route.ts | app\api\vendors\dashboard\route.ts | app\api\vendors\drivers\route.ts | app\drivers\page.tsx | app\finance\page.tsx | app\marketplace\page.tsx | app\marketplace\results\MarketplaceResultsClient.tsx"
"49","Vendor Portal & Vendor App","Bookings","EXCLUDED-CURRENT-PHASE","N/A","87","app\api\bookings\assign-driver\route.ts | app\api\bookings\cancel\route.ts | app\api\bookings\create\route.ts | app\api\bookings\history\route.ts | app\api\bookings\route.ts | app\api\bookings\status\route.ts | app\api\customers\bookings\route.ts | app\api\customers\profile\route.ts | app\api\customers\route.ts | app\api\driver\dashboard\route.ts | app\api\driver\earnings\route.ts | app\api\driver\today\route.ts"
"49","Vendor Portal & Vendor App","Wallet","EXCLUDED-CURRENT-PHASE","N/A","39","app\api\corporate\route.ts | app\api\drivers\route.ts | app\api\finance\wallet\route.ts | app\api\vendors\dashboard\route.ts | app\api\vendors\profile\route.ts | app\api\vendors\settlements\route.ts | app\api\vendors\wallet\route.ts | app\finance\page.tsx | app\page.tsx | components\bookings\BookingStats.tsx | components\bookings\fare\FareSummaryCard.tsx | components\bookings\PaymentBadge.tsx"
"49","Vendor Portal & Vendor App","Settlements","EXCLUDED-CURRENT-PHASE","N/A","15","app\api\finance\settlements\route.ts | app\api\vendors\dashboard\route.ts | app\api\vendors\settlements\route.ts | app\api\vendors\wallet\route.ts | components\finance\FinanceHeader.tsx | components\finance\FinanceStats.tsx | components\settings\TaxGSTSettings.tsx | components\support\FAQManager.tsx | docs\API_CATALOGUE.md | lib\repositories\settlement.ts | lib\repositories\vendor.ts | lib\repositories\wallet.ts"
"49","Vendor Portal & Vendor App","Analytics","EXCLUDED-CURRENT-PHASE","N/A","37","app\analytics\page.tsx | app\api\analytics\route.ts | app\notifications\page.tsx | components\ai\AIActivity.tsx | components\ai\AIOverview.tsx | components\analytics\AnalyticsFilters.tsx | components\analytics\AnalyticsHeader.tsx | components\analytics\AnalyticsStats.tsx | components\analytics\AnalyticsTable.tsx | components\analytics\BookingAnalytics.tsx | components\analytics\CityAnalytics.tsx | components\analytics\CommissionAnalytics.tsx"
"50","Driver App","Trip Queue","EXCLUDED-CURRENT-PHASE","N/A","0",""
"50","Driver App","Navigation","EXCLUDED-CURRENT-PHASE","N/A","25",".agents\skills\prisma-cli\references\studio.md | .agents\skills\prisma-cli\SKILL.md | app\(auth)\reset-password\page.tsx | app\marketplace\booking\confirmation\BookingConfirmationClient.tsx | app\marketplace\booking\MarketplaceBookingClient.tsx | app\marketplace\page.tsx | app\marketplace\results\MarketplaceResultsClient.tsx | app\settings\page.tsx | components\auth\AuthGuard.tsx | components\auth\LoginForm.tsx | components\bookings\location\RoutePreview.tsx | components\bookings\TripInfoCard.tsx"
"50","Driver App","Earnings","EXCLUDED-CURRENT-PHASE","N/A","30","app\api\driver\earnings\route.ts | app\api\drivers\route.ts | app\api\vendors\route.ts | app\vehicles\page.tsx | app\vendors\page.tsx | components\analytics\CommissionAnalytics.tsx | components\analytics\DriverAnalytics.tsx | components\drivers\DriverHeader.tsx | components\drivers\DriverPaymentCard.tsx | components\drivers\DriverPerformanceCard.tsx | components\drivers\DriverRow.tsx | components\drivers\DriverTable.tsx"
"50","Driver App","Attendance","EXCLUDED-CURRENT-PHASE","N/A","6","app\drivers\page.tsx | components\drivers\DriverAttendanceCard.tsx | components\drivers\DriverHeader.tsx | data\sidebar.ts | prisma\migrations\20260809100000_restore_enterprise_schema\migration.sql | prisma\schema.prisma"
"50","Driver App","Documents","EXCLUDED-CURRENT-PHASE","N/A","27",".agents\skills\prisma-cli\references\db-pull.md | .agents\skills\prisma-mongodb-upgrade\references\schema-contract-mapping.md | .agents\skills\prisma-mongodb-upgrade\references\verify-cutover-checklist.md | app\api\documents\route.ts | app\api\driver\documents\route.ts | app\api\driver\profile\route.ts | app\api\vendors\profile\route.ts | app\api\vendors\vehicles\route.ts | components\drivers\DriverDocumentCard.tsx | components\drivers\DriverForm.tsx | components\drivers\DriverHeader.tsx | components\navigation\navigation-icons.ts"
"50","Driver App","Notifications","EXCLUDED-CURRENT-PHASE","N/A","36","app\api\driver\notifications\route.ts | app\api\notifications\route.ts | app\notifications\page.tsx | app\page.tsx | app\settings\page.tsx | components\automation\AutomationOverview.tsx | components\dashboard\SystemStatus.tsx | components\Header.tsx | components\navigation\navigation.ts | components\navigation\navigation-data.ts | components\navigation\navigation-icons.ts | components\notifications\DeliveryStatus.tsx"
"51","Corporate Portal","Company Admin","EXCLUDED-CURRENT-PHASE","N/A","0",""
"51","Corporate Portal","Approvals","EXCLUDED-CURRENT-PHASE","N/A","7","app\api\corporate\approvals\route.ts | app\api\vendors\smart-return\route.ts | components\ui\widgets\NotificationWidget.tsx | lib\repositories\corporate\CorporateApprovalRepository.ts | lib\services\corporate\CorporateApprovalService.ts | prisma\migrations\20260809100000_restore_enterprise_schema\migration.sql | prisma\schema.prisma"
"51","Corporate Portal","Employees","EXCLUDED-CURRENT-PHASE","N/A","6","app\api\corporate\route.ts | lib\repositories\analytics.ts | lib\repositories\corporate.ts | lib\services\corporate\CorporateService.ts | prisma\migrations\20260809100000_restore_enterprise_schema\migration.sql | prisma\schema.prisma"
"51","Corporate Portal","Budgets","EXCLUDED-CURRENT-PHASE","N/A","3","app\api\corporate\budgets\route.ts | lib\services\budget\BudgetService.ts | prisma\schema.prisma"
"51","Corporate Portal","Reports","EXCLUDED-CURRENT-PHASE","N/A","56",".agents\skills\prisma-cli\references\db-execute.md | .agents\skills\prisma-cli\references\debug.md | .agents\skills\prisma-cli\references\migrate-status.md | .agents\skills\prisma-cli\references\validate.md | .agents\skills\prisma-compute\references\compute-config.md | app\api\corporate\route.ts | app\api\reports\route.ts | app\middleware.ts | app\page.tsx | app\reports\page.tsx | components\dashboard\Hero.tsx | components\navigation\navigation.ts"
"51","Corporate Portal","Travel Policies","EXCLUDED-CURRENT-PHASE","N/A","4","app\api\corporate\route.ts | lib\repositories\corporate.ts | lib\services\corporate\CorporateService.ts | prisma\schema.prisma"
"52","Corporate App","Employee Booking","EXCLUDED-CURRENT-PHASE","N/A","0",""
"52","Corporate App","Approvals","EXCLUDED-CURRENT-PHASE","N/A","7","app\api\corporate\approvals\route.ts | app\api\vendors\smart-return\route.ts | components\ui\widgets\NotificationWidget.tsx | lib\repositories\corporate\CorporateApprovalRepository.ts | lib\services\corporate\CorporateApprovalService.ts | prisma\migrations\20260809100000_restore_enterprise_schema\migration.sql | prisma\schema.prisma"
"52","Corporate App","Itinerary","EXCLUDED-CURRENT-PHASE","N/A","0",""
"52","Corporate App","Notifications","EXCLUDED-CURRENT-PHASE","N/A","36","app\api\driver\notifications\route.ts | app\api\notifications\route.ts | app\notifications\page.tsx | app\page.tsx | app\settings\page.tsx | components\automation\AutomationOverview.tsx | components\dashboard\SystemStatus.tsx | components\Header.tsx | components\navigation\navigation.ts | components\navigation\navigation-data.ts | components\navigation\navigation-icons.ts | components\notifications\DeliveryStatus.tsx"
"52","Corporate App","Expense View","EXCLUDED-CURRENT-PHASE","N/A","0",""
"52","Corporate App","Profile","EXCLUDED-CURRENT-PHASE","N/A","20",".agents\skills\prisma-client-api\references\filters.md | .agents\skills\prisma-client-api\references\query-options.md | .agents\skills\prisma-client-api\references\relations.md | .agents\skills\prisma-client-api\references\transactions.md | app\api\bookings\create\route.ts | app\api\driver\profile\route.ts | app\api\vendors\profile\route.ts | app\marketplace\booking\MarketplaceBookingClient.tsx | components\customers\CustomerDetailsDrawer.tsx | components\drivers\DriverDocumentCard.tsx | components\drivers\DriverInfoCard.tsx | components\Header.tsx"
"53","API Catalogue","REST API Standards","MISSING-NO-EVIDENCE","HIGH","0",""
"53","API Catalogue","Authentication","IMPLEMENTED-EVIDENCE","HIGH","15",".agents\skills\prisma-cli\references\db-pull.md | .agents\skills\prisma-cli\references\init.md | .agents\skills\prisma-database-setup\references\postgresql.md | .agents\skills\prisma-database-setup\references\sqlserver.md | .agents\skills\prisma-postgres\references\management-api.md | .agents\skills\prisma-postgres-setup\references\api-basics.md | .agents\skills\prisma-postgres-setup\references\auth.md | .agents\skills\prisma-postgres-setup\SKILL.md | app\api\bookings\create\route.ts | app\middleware.ts | components\navigation\navigation-icons.ts | components\security\SecurityAuditLog.tsx"
"53","API Catalogue","Versioning","MISSING-NO-EVIDENCE","HIGH","0",""
"53","API Catalogue","Validation","IMPLEMENTED-EVIDENCE","HIGH","11",".agents\skills\prisma-cli\SKILL.md | .agents\skills\prisma-driver-adapter-implementation\SKILL.md | .agents\skills\prisma-mongodb-upgrade\references\migrations-mapping.md | .agents\skills\prisma-postgres-setup\references\api-basics.md | .agents\skills\prisma-postgres-setup\SKILL.md | app\api\auth\reset-password\route.ts | app\api\bookings\create\route.ts | app\api\customers\route.ts | components\drivers\DriverForm.tsx | docs\DEPLOYMENT.md | lib\auth\password.ts"
"53","API Catalogue","Error Codes","MISSING-NO-EVIDENCE","HIGH",,".agents\skills\prisma-postgres-setup\references\api-basics.md"
"53","API Catalogue","API Documentation","NEEDS-LIVE-VERIFICATION","MEDIUM","2",".agents\skills\prisma-client-api\SKILL.md | .agents\skills\prisma-postgres-setup\references\api-basics.md"
"54","DevOps","Repository Strategy","MISSING-NO-EVIDENCE","HIGH","0",""
"54","DevOps","Build Pipeline","MISSING-NO-EVIDENCE","HIGH","0",""
"54","DevOps","Environment Management","MISSING-NO-EVIDENCE","HIGH","0",""
"54","DevOps","Containerization","MISSING-NO-EVIDENCE","HIGH","0",""
"54","DevOps","Release Process","MISSING-NO-EVIDENCE","HIGH","0",""
"55","CI/CD","Automated Build","MISSING-NO-EVIDENCE","HIGH","0",""
"55","CI/CD","Testing Pipeline","MISSING-NO-EVIDENCE","HIGH","0",""
"55","CI/CD","Deployment Pipeline","MISSING-NO-EVIDENCE","HIGH","0",""
"55","CI/CD","Rollback Strategy","MISSING-NO-EVIDENCE","HIGH","0",""
"55","CI/CD","Approval Gates","MISSING-NO-EVIDENCE","HIGH","0",""
"56","Production Deployment","Production Environment","MISSING-NO-EVIDENCE","HIGH","0",""
"56","Production Deployment","Load Balancer","MISSING-NO-EVIDENCE","HIGH","0",""
"56","Production Deployment","SSL","MISSING-NO-EVIDENCE","HIGH","0",""
"56","Production Deployment","Domain","NEEDS-LIVE-VERIFICATION","MEDIUM","7",".agents\skills\prisma-cli\SKILL.md | .agents\skills\prisma-compute\references\app-deploy-cli.md | .agents\skills\prisma-compute\references\sdk-api.md | .agents\skills\prisma-compute\SKILL.md | .agents\skills\prisma-database-setup\references\postgresql.md | lib\security.ts | lib\security\security-utils.ts"
"56","Production Deployment","Release Checklist","MISSING-NO-EVIDENCE","HIGH","0",""
"57","Backup & Disaster Recovery","Database Backups","MISSING-NO-EVIDENCE","HIGH",,"docs\OPERATIONS.md"
"57","Backup & Disaster Recovery","File Backups","MISSING-NO-EVIDENCE","HIGH","0",""
"57","Backup & Disaster Recovery","Recovery Plan","MISSING-NO-EVIDENCE","HIGH","0",""
"57","Backup & Disaster Recovery","Disaster Recovery","MISSING-NO-EVIDENCE","HIGH","0",""
"57","Backup & Disaster Recovery","Business Continuity","MISSING-NO-EVIDENCE","HIGH","0",""
"58","Performance Optimization","Caching","NEEDS-LIVE-VERIFICATION","MEDIUM","2",".agents\skills\prisma-database-setup\references\prisma-postgres.md | .agents\skills\prisma-upgrade-v7\references\accelerate-users.md"
"58","Performance Optimization","Database Optimization","MISSING-NO-EVIDENCE","HIGH","0",""
"58","Performance Optimization","CDN","MISSING-NO-EVIDENCE","HIGH","0",""
"58","Performance Optimization","Queue Processing","MISSING-NO-EVIDENCE","HIGH","0",""
"58","Performance Optimization","Monitoring","NEEDS-LIVE-VERIFICATION","MEDIUM","5","data\support.ts | docs\OPERATIONS.md | lib\monitoring\alerts.ts | lib\monitoring\error-monitor.ts | lib\monitoring\index.ts"
"58","Performance Optimization","Scalability","MISSING-NO-EVIDENCE","HIGH","0",""
"59","Product Roadmap","Future Modules","MISSING-NO-EVIDENCE","HIGH","0",""
"59","Product Roadmap","Marketplace Expansion","MISSING-NO-EVIDENCE","HIGH",,"docs\PRODUCT_ROADMAP.md"
"59","Product Roadmap","Enterprise Expansion","MISSING-NO-EVIDENCE","HIGH",,"docs\PRODUCT_ROADMAP.md"
"59","Product Roadmap","AI Evolution","MISSING-NO-EVIDENCE","HIGH",,"docs\PRODUCT_ROADMAP.md"
"59","Product Roadmap","Global Rollout","MISSING-NO-EVIDENCE","HIGH",,"docs\PRODUCT_ROADMAP.md"
"59","Product Roadmap","Version Planning","MISSING-NO-EVIDENCE","HIGH","0",""
