"Module","Requirement","Status","EvidenceCoverage","EvidenceKeywords"
"1","Platform Architecture","POSSIBLE-MISSING","0%",""
"2","Database Architecture","POSSIBLE-MISSING","0%",""
"3","Authentication & RBAC","POSSIBLE-MISSING","0%",""
"4","Notification Engine","POSSIBLE-MISSING","0%",""
"5","AI Engine","POSSIBLE-MISSING","0%",""
"6","Event Bus","POSSIBLE-MISSING","0%",""
"7","Customer Module","POSSIBLE-MISSING","0%",""
"8","Vendor Module","POSSIBLE-MISSING","0%",""
"9","Driver Module","POSSIBLE-MISSING","0%",""
"10","Vehicle Module","POSSIBLE-MISSING","0%",""
"11","Marketplace Listing Engine","POSSIBLE-MISSING","0%",""
"12","Search Engine","POSSIBLE-MISSING","0%",""
"13","Booking Engine","POSSIBLE-MISSING","0%",""
"14","Smart Return","POSSIBLE-MISSING","0%",""
"15","Digital Marketplace Twin","POSSIBLE-MISSING","0%",""
"16","Pricing Engine","POSSIBLE-MISSING","0%",""
"17","Wallet Engine","POSSIBLE-MISSING","0%",""
"18","Payment Gateway","POSSIBLE-MISSING","0%",""
"19","Settlement Engine","POSSIBLE-MISSING","0%",""
"20","Invoice Engine","POSSIBLE-MISSING","0%",""
"21","Refund Engine","POSSIBLE-MISSING","0%",""
"22","Penalty Engine","POSSIBLE-MISSING","0%",""
"23","Corporate Module","POSSIBLE-MISSING","0%",""
"24","Company Structure","POSSIBLE-MISSING","0%",""
"25","Employee Module","POSSIBLE-MISSING","0%",""
"26","Travel Policy Engine","POSSIBLE-MISSING","0%",""
"27","Approval Workflow","POSSIBLE-MISSING","0%",""
"28","Budget Management","POSSIBLE-MISSING","0%",""
"29","Cost Center Management","POSSIBLE-MISSING","0%",""
"30","Corporate Digital Twin","POSSIBLE-MISSING","0%",""
"31","Lead Management","POSSIBLE-MISSING","0%",""
"32","Account Management","POSSIBLE-MISSING","0%",""
"33","Opportunity Management","POSSIBLE-MISSING","0%",""
"34","Task & Activity Management","POSSIBLE-MISSING","0%",""
"35","Reports","POSSIBLE-MISSING","0%",""
"36","Business Intelligence","POSSIBLE-MISSING","0%",""
"37","Analytics","POSSIBLE-MISSING","0%",""
"38","Security","POSSIBLE-MISSING","0%",""
"39","Compliance","POSSIBLE-MISSING","0%",""
"40","Audit Logs","POSSIBLE-MISSING","0%",""
"41","Support Ticket System","POSSIBLE-MISSING","0%",""
"42","Document Management","POSSIBLE-MISSING","0%",""
"43","File Management","POSSIBLE-MISSING","0%",""
"44","Settings & Configuration","POSSIBLE-MISSING","0%",""
"45","Monitoring & Logging","POSSIBLE-MISSING","0%",""
"46","Admin Dashboard","POSSIBLE-MISSING","0%",""
"47","Customer Website","EXCLUDED-CURRENT-PHASE","0%",""
"48","Customer App","EXCLUDED-CURRENT-PHASE","0%",""
"49","Vendor Portal & Vendor App","EXCLUDED-CURRENT-PHASE","0%",""
"50","Driver App","EXCLUDED-CURRENT-PHASE","0%",""
"51","Corporate Portal","EXCLUDED-CURRENT-PHASE","0%",""
"52","Corporate App","EXCLUDED-CURRENT-PHASE","0%",""
"53","API Catalogue","POSSIBLE-MISSING","0%",""
"54","DevOps","POSSIBLE-MISSING","0%",""
"55","CI/CD","POSSIBLE-MISSING","0%",""
"56","Production Deployment","POSSIBLE-MISSING","0%",""
"57","Backup & Disaster Recovery","POSSIBLE-MISSING","0%",""
"58","Performance Optimization","POSSIBLE-MISSING","0%",""
"59","Product Roadmap","POSSIBLE-MISSING","0%",""
